2026-01-09 21:11:59,650 - API - INFO - 🚀 Démarrage du serveur PlexHub...
2026-01-09 22:04:59,317 - API - INFO - ▶️ Stream START c670d146-3bb3-421f-8445-a05c128443cf
2026-01-09 22:04:59,402 - API - WARNING - ⚠️ Transcodage refusé (400)...
2026-01-09 22:04:59,402 - API - INFO - 🔄 Bascule sur Direct Play (Secours)...
2026-01-09 22:04:59,966 - API - ERROR - ❌ ÉCHEC Streaming (400)
2026-01-09 22:04:59,968 - API - INFO - ⏹️ Stream END c670d146-3bb3-421f-8445-a05c128443cf
2026-01-09 22:14:15,165 - API - INFO - ▶️ Stream START 27d3dda4-29bc-4ace-ac25-476d0edd30f8
2026-01-09 22:14:15,422 - API - INFO - ✅ Streaming 720p OK
2026-01-09 22:14:27,694 - API - INFO - ⏹️ Stream END 27d3dda4-29bc-4ace-ac25-476d0edd30f8
2026-01-09 23:14:18,037 - API - INFO - ▶️ Stream START 7f0c8900-b97f-482d-b046-15e32c0eab9c
2026-01-09 23:14:18,465 - API - INFO - ✅ Streaming 720p OK
2026-01-09 23:15:43,241 - API - INFO - ⏹️ Stream END 7f0c8900-b97f-482d-b046-15e32c0eab9c
2026-01-10 00:03:47,278 - API - INFO - 🛑 Arrêt du serveur...
2026-01-10 00:04:01,586 - API - INFO - 🚀 Démarrage du serveur PlexHub...
2026-01-10 00:09:25,781 - API - INFO - 🚀 Démarrage du serveur PlexHub (Version Prod)...
2026-01-10 00:19:18,459 - API - INFO - 🛑 Arrêt du serveur...
2026-01-10 00:20:56,741 - API          - INFO     - 🚀 Démarrage du serveur PlexHub (Version Prod)...
2026-01-10 00:20:56,742 - Discovery    - INFO     - 📢 Configuration mDNS stricte sur : 192.168.0.81
2026-01-10 00:21:07,429 - Discovery    - ERROR    - ❌ Impossible de démarrer mDNS sur 192.168.0.81
2026-01-10 00:21:07,430 - Discovery    - ERROR    - 👉 Cause : 
2026-01-10 00:21:07,430 - Discovery    - WARNING  - 👉 L'application reste accessible, mais la découverte auto est désactivée.
2026-01-10 00:21:07,431 - PlexClient   - INFO     - 🚀 Démarrage Scan Parallèle...
2026-01-10 00:21:07,720 - httpx        - INFO     - HTTP Request: GET https://2-11-151-192.2b23851d94584a5ebf492afb83ed81f7.plex.direct:16066/library/metadata/184784/thumb/1754056688?X-Plex-Token=-d9BLzCKG-hrXZbDQuso "HTTP/1.1 200 OK"
2026-01-10 00:21:07,722 - httpx        - INFO     - HTTP Request: GET https://2-11-151-192.2b23851d94584a5ebf492afb83ed81f7.plex.direct:16066/library/metadata/245526/thumb/1754794670?X-Plex-Token=-d9BLzCKG-hrXZbDQuso "HTTP/1.1 200 OK"
2026-01-10 00:21:07,724 - httpx        - INFO     - HTTP Request: GET https://2-11-151-192.2b23851d94584a5ebf492afb83ed81f7.plex.direct:16066/library/metadata/179090/thumb/1754793704?X-Plex-Token=-d9BLzCKG-hrXZbDQuso "HTTP/1.1 200 OK"
2026-01-10 00:21:07,726 - httpx        - INFO     - HTTP Request: GET https://2-11-151-192.2b23851d94584a5ebf492afb83ed81f7.plex.direct:16066/library/metadata/277903/thumb/1764384213?X-Plex-Token=-d9BLzCKG-hrXZbDQuso "HTTP/1.1 200 OK"
2026-01-10 00:21:07,730 - httpx        - INFO     - HTTP Request: GET https://2-11-151-192.2b23851d94584a5ebf492afb83ed81f7.plex.direct:16066/library/metadata/245537/thumb/1754794673?X-Plex-Token=-d9BLzCKG-hrXZbDQuso "HTTP/1.1 200 OK"
2026-01-10 00:21:07,804 - httpx        - INFO     - HTTP Request: GET https://2-11-151-192.2b23851d94584a5ebf492afb83ed81f7.plex.direct:16066/library/metadata/269929/thumb/1761270790?X-Plex-Token=-d9BLzCKG-hrXZbDQuso "HTTP/1.1 200 OK"
2026-01-10 00:21:08,028 - httpx        - INFO     - HTTP Request: GET https://2-11-151-192.2b23851d94584a5ebf492afb83ed81f7.plex.direct:16066/library/metadata/269930/thumb/1761270791?X-Plex-Token=-d9BLzCKG-hrXZbDQuso "HTTP/1.1 200 OK"
2026-01-10 00:21:08,754 - PlexClient   - INFO     - 🔌 Connexion à VM NAS Plex...
2026-01-10 00:21:08,755 - PlexClient   - INFO     - 🔌 Connexion à Plex Cyrille...
2026-01-10 00:21:08,755 - PlexClient   - INFO     - 🔌 Connexion à PlexStation...
2026-01-10 00:21:08,756 - PlexClient   - INFO     - 🔌 Connexion à optiPLEX...
2026-01-10 00:21:08,760 - PlexClient   - INFO     - 🔌 Connexion à Swafflix...
2026-01-10 00:21:08,767 - PlexClient   - INFO     - 🔌 Connexion à Mestate...
2026-01-10 00:21:08,770 - PlexClient   - INFO     - 🔌 Connexion à aubeplex - Apple M4...
2026-01-10 00:21:08,841 - PlexClient   - INFO     - 🔌 Connexion à plexamp-nas...
2026-01-10 00:21:08,849 - PlexClient   - INFO     - 🔌 Connexion à kerty-server...
2026-01-10 00:21:08,855 - PlexClient   - INFO     - 🔌 Connexion à DS423plus...
2026-01-10 00:21:08,861 - PlexClient   - INFO     - 🔌 Connexion à PLEX-Larod...
2026-01-10 00:21:08,867 - PlexClient   - INFO     - 🔌 Connexion à TACOS...
2026-01-10 00:21:09,565 - httpx        - INFO     - HTTP Request: GET https://2-11-151-192.2b23851d94584a5ebf492afb83ed81f7.plex.direct:16066/library/metadata/184893/thumb/1754794576?X-Plex-Token=-d9BLzCKG-hrXZbDQuso "HTTP/1.1 200 OK"
2026-01-10 00:21:09,744 - httpx        - INFO     - HTTP Request: GET https://2-11-151-192.2b23851d94584a5ebf492afb83ed81f7.plex.direct:16066/library/metadata/16394/thumb/1741057148?X-Plex-Token=-d9BLzCKG-hrXZbDQuso "HTTP/1.1 200 OK"
2026-01-10 00:21:11,417 - PlexClient   - INFO     -    📖 Scan Section '3D 👓' (movie) sur PlexStation...
2026-01-10 00:21:11,419 - PlexClient   - INFO     -    📖 Scan Section 'Films' (movie) sur PLEX-Larod...
2026-01-10 00:21:11,443 - PlexClient   - INFO     -    📖 Scan Section 'Films' (movie) sur DS423plus...
2026-01-10 00:21:11,500 - PlexClient   - INFO     -    └── 10 éléments trouvés dans '3D 👓'
2026-01-10 00:21:11,646 - PlexClient   - INFO     -    📖 Scan Section 'Animation 🧸' (movie) sur PlexStation...
2026-01-10 00:21:11,649 - PlexClient   - INFO     -    📖 Scan Section 'Movies' (movie) sur Mestate...
2026-01-10 00:21:11,758 - httpx        - INFO     - HTTP Request: GET https://2-11-151-192.2b23851d94584a5ebf492afb83ed81f7.plex.direct:16066/library/metadata/85088/thumb/1744219171?X-Plex-Token=-d9BLzCKG-hrXZbDQuso "HTTP/1.1 200 OK"
2026-01-10 00:21:12,008 - httpx        - INFO     - HTTP Request: GET https://2-11-151-192.2b23851d94584a5ebf492afb83ed81f7.plex.direct:16066/library/metadata/276740/thumb/1761793600?X-Plex-Token=-d9BLzCKG-hrXZbDQuso "HTTP/1.1 200 OK"
2026-01-10 00:21:12,684 - httpx        - INFO     - HTTP Request: GET https://82-65-62-161.efc330fd2914405fa33e577675184ca4.plex.direct:32400/library/metadata/56891/thumb/1766371062?X-Plex-Token=sMxN95fGHy-RWvjy_BC8 "HTTP/1.1 200 OK"
2026-01-10 00:21:12,883 - httpx        - INFO     - HTTP Request: GET https://109-129-83-30.21cbce6491584549b7988e7560fd61e6.plex.direct:32400/library/metadata/5817/thumb/1765598322?X-Plex-Token=fHG5kjfZC4m3bhY_xCdX "HTTP/1.1 200 OK"
2026-01-10 00:21:13,048 - PlexClient   - INFO     -    └── 336 éléments trouvés dans 'Animation 🧸'
2026-01-10 00:21:25,951 - PlexClient   - INFO     -    📖 Scan Section 'Concerts 🎤' (movie) sur PlexStation...
2026-01-10 00:21:25,954 - PlexClient   - INFO     -    └── 594 éléments trouvés dans 'Films'
2026-01-10 00:21:27,750 - PlexClient   - INFO     -    📖 Scan Section 'Séries TV' (show) sur DS423plus...
2026-01-10 00:21:27,751 - PlexClient   - INFO     -    └── 227 éléments trouvés dans 'Movies'
2026-01-10 00:21:29,727 - PlexClient   - INFO     -    📖 Scan Section 'TV Shows' (show) sur Mestate...
2026-01-10 00:21:32,739 - PlexClient   - INFO     -    └── 1076 éléments trouvés dans 'Films'
2026-01-10 00:21:41,233 - PlexClient   - INFO     -    📖 Scan Section 'Séries TV' (show) sur PLEX-Larod...
2026-01-10 00:21:41,246 - PlexClient   - INFO     -    └── 36 éléments trouvés dans 'Concerts 🎤'
2026-01-10 00:21:42,554 - PlexClient   - INFO     -    📖 Scan Section 'Documentaires 🌍' (movie) sur PlexStation...
2026-01-10 00:21:42,560 - PlexClient   - INFO     -    └── 135 éléments trouvés dans 'Séries TV'
2026-01-10 00:21:42,993 - PlexClient   - INFO     -    └── 37 éléments trouvés dans 'TV Shows'
2026-01-10 00:21:42,993 - PlexClient   - INFO     - ✅ [Scan] plexamp-nas Terminé en 20885.8ms - Total: 0 médias ajoutés.
2026-01-10 00:21:42,994 - PlexClient   - INFO     -    📖 Scan Section 'Films' (movie) sur TACOS...
2026-01-10 00:21:42,995 - PlexClient   - INFO     -    📖 Scan Section 'Animation' (movie) sur Plex Cyrille...
2026-01-10 00:21:42,997 - PlexClient   - INFO     -    📖 Scan Section 'Films' (movie) sur Swafflix...
2026-01-10 00:21:42,999 - PlexClient   - INFO     -    📖 Scan Section 'Films' (movie) sur aubeplex - Apple M4...
2026-01-10 00:21:43,001 - PlexClient   - INFO     -    📖 Scan Section 'Animations' (movie) sur optiPLEX...
2026-01-10 00:21:43,001 - PlexClient   - INFO     -    📖 Scan Section 'Films' (movie) sur kerty-server...
2026-01-10 00:21:43,022 - PlexClient   - INFO     -    └── 143 éléments trouvés dans 'Séries TV'
2026-01-10 00:21:43,023 - PlexClient   - INFO     -    └── 84 éléments trouvés dans 'Documentaires 🌍'
2026-01-10 00:21:47,268 - PlexClient   - INFO     -    📖 Scan Section 'Films 🎬' (movie) sur PlexStation...
2026-01-10 00:21:47,269 - PlexClient   - INFO     -    📖 Scan Section 'Films' (movie) sur VM NAS Plex...
2026-01-10 00:21:47,744 - PlexClient   - INFO     -    └── 73 éléments trouvés dans 'Animation'
2026-01-10 00:21:48,321 - PlexClient   - INFO     -    📖 Scan Section 'Films' (movie) sur Plex Cyrille...
2026-01-10 00:21:49,376 - PlexClient   - INFO     -    └── 47 éléments trouvés dans 'Animations'
2026-01-10 00:21:51,228 - PlexClient   - INFO     -    📖 Scan Section 'Films' (movie) sur optiPLEX...
2026-01-10 00:21:51,228 - PlexClient   - INFO     -    └── 483 éléments trouvés dans 'Films'
2026-01-10 00:21:59,642 - PlexClient   - INFO     -    📖 Scan Section 'Anime' (show) sur kerty-server...
2026-01-10 00:21:59,642 - PlexClient   - INFO     -    └── 1325 éléments trouvés dans 'Films'
2026-01-10 00:22:34,749 - PlexClient   - INFO     -    📖 Scan Section 'Séries et Animés' (show) sur aubeplex - Apple M4...
2026-01-10 00:22:35,242 - PlexClient   - INFO     -    └── 3135 éléments trouvés dans 'Films'
2026-01-10 00:23:02,468 - PlexClient   - INFO     -    📖 Scan Section 'Séries' (show) sur Swafflix...
2026-01-10 00:23:03,350 - PlexClient   - INFO     -    └── 1296 éléments trouvés dans 'Films 🎬'
2026-01-10 00:23:11,014 - PlexClient   - INFO     -    📖 Scan Section 'MARVEL Universe (4K HDR)' (movie) sur PlexStation...
2026-01-10 00:23:13,578 - PlexClient   - INFO     -    └── 939 éléments trouvés dans 'Films'
2026-01-10 00:23:18,362 - PlexClient   - INFO     -    📖 Scan Section 'Séries TV' (show) sur Plex Cyrille...
2026-01-10 00:23:18,362 - PlexClient   - INFO     -    └── 2483 éléments trouvés dans 'Films'
2026-01-10 00:23:21,032 - PlexClient   - INFO     -    📖 Scan Section 'Séries Anime' (show) sur VM NAS Plex...
2026-01-10 00:23:21,033 - PlexClient   - INFO     -    └── 3790 éléments trouvés dans 'Films'
2026-01-10 00:24:02,645 - PlexClient   - INFO     -    📖 Scan Section 'Films 4K' (movie) sur TACOS...
2026-01-10 00:24:02,646 - PlexClient   - INFO     -    └── 286 éléments trouvés dans 'Films'
2026-01-10 00:24:39,912 - PlexClient   - INFO     -    📖 Scan Section 'Séries TV' (show) sur optiPLEX...
2026-01-10 00:24:39,916 - PlexClient   - INFO     -    └── 11 éléments trouvés dans 'Anime'
2026-01-10 00:24:39,953 - PlexClient   - INFO     -    └── 475 éléments trouvés dans 'Séries et Animés'
2026-01-10 00:24:40,920 - PlexClient   - INFO     -    └── 2636 éléments trouvés dans 'Séries'
2026-01-10 00:24:40,934 - PlexClient   - INFO     -    └── 44 éléments trouvés dans 'MARVEL Universe (4K HDR)'
2026-01-10 00:24:42,865 - PlexClient   - INFO     -    📖 Scan Section 'Spectacles 😂' (movie) sur PlexStation...
2026-01-10 00:24:44,943 - PlexClient   - INFO     -    └── 38 éléments trouvés dans 'Séries TV'
2026-01-10 00:24:44,965 - PlexClient   - INFO     -    └── 149 éléments trouvés dans 'Séries Anime'
2026-01-10 00:24:45,010 - PlexClient   - INFO     -    └── 755 éléments trouvés dans 'Films 4K'
2026-01-10 00:24:47,975 - PlexClient   - INFO     -    📖 Scan Section 'Séries Animées' (show) sur TACOS...
2026-01-10 00:24:47,990 - PlexClient   - INFO     -    └── 48 éléments trouvés dans 'Séries TV'
2026-01-10 00:24:49,782 - PlexClient   - INFO     -    └── 40 éléments trouvés dans 'Spectacles 😂'
2026-01-10 00:24:51,357 - PlexClient   - INFO     -    📖 Scan Section 'Théâtre 🎭' (movie) sur PlexStation...
2026-01-10 00:24:52,836 - PlexClient   - INFO     -    └── 377 éléments trouvés dans 'Séries Animées'
2026-01-10 00:24:54,773 - PlexClient   - INFO     -    └── 20 éléments trouvés dans 'Théâtre 🎭'
2026-01-10 00:24:55,710 - PlexClient   - INFO     -    📖 Scan Section 'Dessins animés' (show) sur PlexStation...
2026-01-10 00:25:01,515 - PlexClient   - INFO     -    └── 130 éléments trouvés dans 'Dessins animés'
2026-01-10 00:25:37,890 - PlexClient   - INFO     -    📖 Scan Section 'Séries TV' (show) sur kerty-server...
2026-01-10 00:25:41,925 - PlexClient   - INFO     -    └── 21 éléments trouvés dans 'Séries TV'
2026-01-10 00:27:19,343 - PlexClient   - INFO     - ✅ [Scan] kerty-server Terminé en 23417.09ms - Total: 515 médias ajoutés.
2026-01-10 00:27:23,374 - PlexClient   - INFO     - ✅ [Scan] Mestate Terminé en 1681.04ms - Total: 264 médias ajoutés.
2026-01-10 00:27:24,423 - PlexClient   - INFO     -    📖 Scan Section 'Autres vidéos' (movie) sur Plex Cyrille...
2026-01-10 00:27:24,766 - httpx        - INFO     - HTTP Request: GET https://82-65-62-161.efc330fd2914405fa33e577675184ca4.plex.direct:32400/library/metadata/29621/thumb/1766374568?X-Plex-Token=sMxN95fGHy-RWvjy_BC8 "HTTP/1.1 200 OK"
2026-01-10 00:27:24,770 - PlexClient   - INFO     -    └── 1 éléments trouvés dans 'Autres vidéos'
2026-01-10 00:27:24,802 - PlexClient   - INFO     - ✅ [Scan] Plex Cyrille Terminé en 22135.43ms - Total: 1051 médias ajoutés.
2026-01-10 00:27:25,963 - httpx        - INFO     - HTTP Request: GET https://82-65-62-161.efc330fd2914405fa33e577675184ca4.plex.direct:32400/library/metadata/43158/thumb/1766374581?X-Plex-Token=sMxN95fGHy-RWvjy_BC8 "HTTP/1.1 200 OK"
2026-01-10 00:27:26,575 - httpx        - INFO     - HTTP Request: GET https://82-65-62-161.efc330fd2914405fa33e577675184ca4.plex.direct:32400/library/metadata/84899/thumb/1766374663?X-Plex-Token=sMxN95fGHy-RWvjy_BC8 "HTTP/1.1 200 OK"
2026-01-10 00:27:26,856 - httpx        - INFO     - HTTP Request: GET https://82-65-62-161.efc330fd2914405fa33e577675184ca4.plex.direct:32400/library/metadata/81171/thumb/1766374698?X-Plex-Token=sMxN95fGHy-RWvjy_BC8 "HTTP/1.1 200 OK"
2026-01-10 00:27:29,761 - PlexClient   - INFO     - ✅ [Scan] optiPLEX Terminé en 22885.58ms - Total: 381 médias ajoutés.
2026-01-10 00:27:31,968 - httpx        - INFO     - HTTP Request: GET https://82-65-62-161.efc330fd2914405fa33e577675184ca4.plex.direct:32400/library/metadata/107531/thumb/1765737856?X-Plex-Token=sMxN95fGHy-RWvjy_BC8 "HTTP/1.1 200 OK"
2026-01-10 00:27:32,180 - httpx        - INFO     - HTTP Request: GET https://82-65-62-161.efc330fd2914405fa33e577675184ca4.plex.direct:32400/library/metadata/107540/thumb/1765737857?X-Plex-Token=sMxN95fGHy-RWvjy_BC8 "HTTP/1.1 200 OK"
2026-01-10 00:27:34,326 - httpx        - INFO     - HTTP Request: GET https://82-65-62-161.efc330fd2914405fa33e577675184ca4.plex.direct:32400/library/metadata/28678/thumb/1766374881?X-Plex-Token=sMxN95fGHy-RWvjy_BC8 "HTTP/1.1 200 OK"
2026-01-10 00:27:34,489 - httpx        - INFO     - HTTP Request: GET https://82-65-62-161.efc330fd2914405fa33e577675184ca4.plex.direct:32400/library/metadata/107557/thumb/1766374893?X-Plex-Token=sMxN95fGHy-RWvjy_BC8 "HTTP/1.1 200 OK"
2026-01-10 00:27:36,845 - httpx        - INFO     - HTTP Request: GET https://82-65-62-161.efc330fd2914405fa33e577675184ca4.plex.direct:32400/library/metadata/29239/thumb/1755798582?X-Plex-Token=sMxN95fGHy-RWvjy_BC8 "HTTP/1.1 200 OK"
2026-01-10 00:27:37,661 - httpx        - INFO     - HTTP Request: GET https://82-65-62-161.efc330fd2914405fa33e577675184ca4.plex.direct:32400/library/metadata/79942/thumb/1766374967?X-Plex-Token=sMxN95fGHy-RWvjy_BC8 "HTTP/1.1 200 OK"
2026-01-10 00:27:39,051 - httpx        - INFO     - HTTP Request: GET https://82-65-62-161.efc330fd2914405fa33e577675184ca4.plex.direct:32400/library/metadata/22561/thumb/1755798584?X-Plex-Token=sMxN95fGHy-RWvjy_BC8 "HTTP/1.1 200 OK"
2026-01-10 00:27:40,679 - httpx        - INFO     - HTTP Request: GET https://82-65-62-161.efc330fd2914405fa33e577675184ca4.plex.direct:32400/library/metadata/80111/thumb/1761327420?X-Plex-Token=sMxN95fGHy-RWvjy_BC8 "HTTP/1.1 200 OK"
2026-01-10 00:27:44,982 - httpx        - INFO     - HTTP Request: GET https://82-65-62-161.efc330fd2914405fa33e577675184ca4.plex.direct:32400/library/metadata/103559/thumb/1766375200?X-Plex-Token=sMxN95fGHy-RWvjy_BC8 "HTTP/1.1 200 OK"
2026-01-10 00:27:46,231 - httpx        - INFO     - HTTP Request: GET https://82-65-62-161.efc330fd2914405fa33e577675184ca4.plex.direct:32400/library/metadata/81165/thumb/1766375457?X-Plex-Token=sMxN95fGHy-RWvjy_BC8 "HTTP/1.1 200 OK"
2026-01-10 00:27:48,234 - httpx        - INFO     - HTTP Request: GET https://192-168-0-175.73d044407d6741c8a17d97a88c22846e.plex.direct:32400/library/metadata/39083/thumb/1767913217?X-Plex-Token=HIDDEN_TOKEN "HTTP/1.1 200 OK"
2026-01-10 00:27:52,682 - httpx        - INFO     - HTTP Request: GET https://82-65-62-161.efc330fd2914405fa33e577675184ca4.plex.direct:32400/library/metadata/84889/thumb/1766375478?X-Plex-Token=sMxN95fGHy-RWvjy_BC8 "HTTP/1.1 200 OK"
2026-01-10 00:27:54,900 - httpx        - INFO     - HTTP Request: GET https://82-65-62-161.efc330fd2914405fa33e577675184ca4.plex.direct:32400/library/metadata/56693/thumb/1766375503?X-Plex-Token=sMxN95fGHy-RWvjy_BC8 "HTTP/1.1 200 OK"
2026-01-10 00:27:55,107 - PlexClient   - INFO     -    📖 Scan Section 'Séries TV' (show) sur VM NAS Plex...
2026-01-10 00:27:55,360 - PlexClient   - INFO     -    └── 99 éléments trouvés dans 'Séries TV'
2026-01-10 00:27:56,390 - httpx        - INFO     - HTTP Request: GET https://82-65-62-161.efc330fd2914405fa33e577675184ca4.plex.direct:32400/library/metadata/29212/thumb/1766375522?X-Plex-Token=sMxN95fGHy-RWvjy_BC8 "HTTP/1.1 200 OK"
2026-01-10 00:27:57,507 - httpx        - INFO     - HTTP Request: GET https://82-65-62-161.efc330fd2914405fa33e577675184ca4.plex.direct:32400/library/metadata/34819/thumb/1766376544?X-Plex-Token=sMxN95fGHy-RWvjy_BC8 "HTTP/1.1 200 OK"
2026-01-10 00:27:58,023 - PlexClient   - INFO     - ✅ [Scan] PLEX-Larod Terminé en 1486.43ms - Total: 1219 médias ajoutés.
2026-01-10 00:28:00,060 - httpx        - INFO     - HTTP Request: GET https://192-168-0-175.73d044407d6741c8a17d97a88c22846e.plex.direct:32400/library/metadata/48984/thumb/1767913308?X-Plex-Token=HIDDEN_TOKEN "HTTP/1.1 200 OK"
2026-01-10 00:28:00,334 - PlexClient   - INFO     -    📖 Scan Section 'Docu-Séries' (show) sur PlexStation...
2026-01-10 00:28:00,344 - httpx        - INFO     - HTTP Request: GET https://82-65-62-161.efc330fd2914405fa33e577675184ca4.plex.direct:32400/library/metadata/56552/thumb/1767589110?X-Plex-Token=sMxN95fGHy-RWvjy_BC8 "HTTP/1.1 200 OK"
2026-01-10 00:28:00,482 - PlexClient   - INFO     - ✅ [Scan] DS423plus Terminé en 1542.17ms - Total: 729 médias ajoutés.
2026-01-10 00:28:00,493 - PlexClient   - INFO     -    └── 27 éléments trouvés dans 'Docu-Séries'
2026-01-10 00:28:01,013 - httpx        - INFO     - HTTP Request: GET https://82-65-62-161.efc330fd2914405fa33e577675184ca4.plex.direct:32400/library/metadata/29161/thumb/1766376564?X-Plex-Token=sMxN95fGHy-RWvjy_BC8 "HTTP/1.1 200 OK"
2026-01-10 00:28:02,002 - httpx        - INFO     - HTTP Request: GET https://82-65-62-161.efc330fd2914405fa33e577675184ca4.plex.direct:32400/library/metadata/80264/thumb/1766376597?X-Plex-Token=sMxN95fGHy-RWvjy_BC8 "HTTP/1.1 200 OK"
2026-01-10 00:28:02,618 - httpx        - INFO     - HTTP Request: GET https://82-65-62-161.efc330fd2914405fa33e577675184ca4.plex.direct:32400/library/metadata/80952/thumb/1766376598?X-Plex-Token=sMxN95fGHy-RWvjy_BC8 "HTTP/1.1 200 OK"
2026-01-10 00:28:03,670 - httpx        - INFO     - HTTP Request: GET https://192-168-0-175.73d044407d6741c8a17d97a88c22846e.plex.direct:32400/library/metadata/48293/thumb/1767913367?X-Plex-Token=HIDDEN_TOKEN "HTTP/1.1 200 OK"
2026-01-10 00:28:03,675 - httpx        - INFO     - HTTP Request: GET https://82-65-62-161.efc330fd2914405fa33e577675184ca4.plex.direct:32400/library/metadata/80266/thumb/1761327441?X-Plex-Token=sMxN95fGHy-RWvjy_BC8 "HTTP/1.1 200 OK"
2026-01-10 00:28:03,676 - httpx        - INFO     - HTTP Request: GET https://82-65-62-161.efc330fd2914405fa33e577675184ca4.plex.direct:32400/library/metadata/56736/thumb/1767589111?X-Plex-Token=sMxN95fGHy-RWvjy_BC8 "HTTP/1.1 200 OK"
2026-01-10 00:28:05,235 - httpx        - INFO     - HTTP Request: GET https://82-65-62-161.efc330fd2914405fa33e577675184ca4.plex.direct:32400/library/metadata/57410/thumb/1767589114?X-Plex-Token=sMxN95fGHy-RWvjy_BC8 "HTTP/1.1 200 OK"
2026-01-10 00:28:05,835 - httpx        - INFO     - HTTP Request: GET https://82-65-62-161.efc330fd2914405fa33e577675184ca4.plex.direct:32400/library/metadata/16456/thumb/1767589100?X-Plex-Token=sMxN95fGHy-RWvjy_BC8 "HTTP/1.1 200 OK"
2026-01-10 00:28:05,978 - PlexClient   - INFO     -    📖 Scan Section 'Séries TV 📺' (show) sur PlexStation...
2026-01-10 00:28:06,397 - PlexClient   - INFO     -    └── 138 éléments trouvés dans 'Séries TV 📺'
2026-01-10 00:28:06,407 - httpx        - INFO     - HTTP Request: GET https://82-65-62-161.efc330fd2914405fa33e577675184ca4.plex.direct:32400/library/metadata/107688/thumb/1765737884?X-Plex-Token=sMxN95fGHy-RWvjy_BC8 "HTTP/1.1 200 OK"
2026-01-10 00:28:06,522 - httpx        - INFO     - HTTP Request: GET https://192-168-0-175.73d044407d6741c8a17d97a88c22846e.plex.direct:32400/library/metadata/45105/thumb/1767913415?X-Plex-Token=HIDDEN_TOKEN "HTTP/1.1 200 OK"
2026-01-10 00:28:06,524 - httpx        - INFO     - HTTP Request: GET https://82-65-62-161.efc330fd2914405fa33e577675184ca4.plex.direct:32400/library/metadata/29020/thumb/1767589104?X-Plex-Token=sMxN95fGHy-RWvjy_BC8 "HTTP/1.1 200 OK"
2026-01-10 00:28:08,162 - httpx        - INFO     - HTTP Request: GET https://82-65-62-161.efc330fd2914405fa33e577675184ca4.plex.direct:32400/library/metadata/80402/thumb/1766376716?X-Plex-Token=sMxN95fGHy-RWvjy_BC8 "HTTP/1.1 200 OK"
2026-01-10 00:28:08,671 - httpx        - INFO     - HTTP Request: GET https://82-65-62-161.efc330fd2914405fa33e577675184ca4.plex.direct:32400/library/metadata/107724/thumb/1766376717?X-Plex-Token=sMxN95fGHy-RWvjy_BC8 "HTTP/1.1 200 OK"
2026-01-10 00:28:08,763 - httpx        - INFO     - HTTP Request: GET https://82-65-62-161.efc330fd2914405fa33e577675184ca4.plex.direct:32400/library/metadata/107804/thumb/1766376795?X-Plex-Token=sMxN95fGHy-RWvjy_BC8 "HTTP/1.1 200 OK"
2026-01-10 00:28:08,924 - httpx        - INFO     - HTTP Request: GET https://82-65-62-161.efc330fd2914405fa33e577675184ca4.plex.direct:32400/library/metadata/103555/thumb/1766376721?X-Plex-Token=sMxN95fGHy-RWvjy_BC8 "HTTP/1.1 200 OK"
2026-01-10 00:28:10,210 - httpx        - INFO     - HTTP Request: GET https://82-65-62-161.efc330fd2914405fa33e577675184ca4.plex.direct:32400/library/metadata/55232/thumb/1766376790?X-Plex-Token=sMxN95fGHy-RWvjy_BC8 "HTTP/1.1 200 OK"
2026-01-10 00:28:10,213 - httpx        - INFO     - HTTP Request: GET https://82-65-62-161.efc330fd2914405fa33e577675184ca4.plex.direct:32400/library/metadata/29207/thumb/1767589105?X-Plex-Token=sMxN95fGHy-RWvjy_BC8 "HTTP/1.1 200 OK"
2026-01-10 00:28:10,214 - httpx        - INFO     - HTTP Request: GET https://82-65-62-161.efc330fd2914405fa33e577675184ca4.plex.direct:32400/library/metadata/107627/thumb/1766376792?X-Plex-Token=sMxN95fGHy-RWvjy_BC8 "HTTP/1.1 200 OK"
2026-01-10 00:28:10,885 - httpx        - INFO     - HTTP Request: GET https://82-65-62-161.efc330fd2914405fa33e577675184ca4.plex.direct:32400/library/metadata/80554/thumb/1761327480?X-Plex-Token=sMxN95fGHy-RWvjy_BC8 "HTTP/1.1 200 OK"
2026-01-10 00:28:12,975 - httpx        - INFO     - HTTP Request: GET https://82-65-62-161.efc330fd2914405fa33e577675184ca4.plex.direct:32400/library/metadata/43187/thumb/1766376816?X-Plex-Token=sMxN95fGHy-RWvjy_BC8 "HTTP/1.1 200 OK"
2026-01-10 00:28:14,446 - PlexClient   - INFO     - ✅ [Scan] VM NAS Plex Terminé en 33805.68ms - Total: 2731 médias ajoutés.
2026-01-10 00:28:15,746 - httpx        - INFO     - HTTP Request: GET https://82-65-62-161.efc330fd2914405fa33e577675184ca4.plex.direct:32400/library/metadata/56415/thumb/1767589109?X-Plex-Token=sMxN95fGHy-RWvjy_BC8 "HTTP/1.1 200 OK"
2026-01-10 00:28:15,748 - httpx        - INFO     - HTTP Request: GET https://82-65-62-161.efc330fd2914405fa33e577675184ca4.plex.direct:32400/library/metadata/84882/thumb/1766376951?X-Plex-Token=sMxN95fGHy-RWvjy_BC8 "HTTP/1.1 200 OK"
2026-01-10 00:28:15,750 - httpx        - INFO     - HTTP Request: GET https://82-65-62-161.efc330fd2914405fa33e577675184ca4.plex.direct:32400/library/metadata/28023/thumb/1767589103?X-Plex-Token=sMxN95fGHy-RWvjy_BC8 "HTTP/1.1 200 OK"
2026-01-10 00:28:15,751 - httpx        - INFO     - HTTP Request: GET https://82-65-62-161.efc330fd2914405fa33e577675184ca4.plex.direct:32400/library/metadata/34826/thumb/1766376887?X-Plex-Token=sMxN95fGHy-RWvjy_BC8 "HTTP/1.1 200 OK"
2026-01-10 00:28:16,491 - httpx        - INFO     - HTTP Request: GET https://86-204-236-221.461ba8fd9bca42c4b2c637e43e7617e4.plex.direct:32424/library/metadata/5024/thumb/1767928388?X-Plex-Token=F4q7-RsxQ2Gj1_VDgBoL "HTTP/1.1 200 OK"
2026-01-10 00:28:17,586 - httpx        - INFO     - HTTP Request: GET https://86-204-236-221.461ba8fd9bca42c4b2c637e43e7617e4.plex.direct:32424/library/metadata/54526/thumb/1762922943?X-Plex-Token=F4q7-RsxQ2Gj1_VDgBoL "HTTP/1.1 200 OK"
2026-01-10 00:28:17,857 - httpx        - INFO     - HTTP Request: GET https://86-204-236-221.461ba8fd9bca42c4b2c637e43e7617e4.plex.direct:32424/library/metadata/3893/thumb/1765419025?X-Plex-Token=F4q7-RsxQ2Gj1_VDgBoL "HTTP/1.1 200 OK"
2026-01-10 00:28:17,904 - httpx        - INFO     - HTTP Request: GET https://86-204-236-221.461ba8fd9bca42c4b2c637e43e7617e4.plex.direct:32424/library/metadata/4325/thumb/1766888248?X-Plex-Token=F4q7-RsxQ2Gj1_VDgBoL "HTTP/1.1 200 OK"
2026-01-10 00:28:20,373 - httpx        - INFO     - HTTP Request: GET https://86-204-236-221.461ba8fd9bca42c4b2c637e43e7617e4.plex.direct:32424/library/metadata/3587/thumb/1766636128?X-Plex-Token=F4q7-RsxQ2Gj1_VDgBoL "HTTP/1.1 200 OK"
2026-01-10 00:28:20,375 - httpx        - INFO     - HTTP Request: GET https://86-204-236-221.461ba8fd9bca42c4b2c637e43e7617e4.plex.direct:32424/library/metadata/5005/thumb/1767321844?X-Plex-Token=F4q7-RsxQ2Gj1_VDgBoL "HTTP/1.1 200 OK"
2026-01-10 00:28:21,344 - httpx        - INFO     - HTTP Request: GET https://86-204-236-221.461ba8fd9bca42c4b2c637e43e7617e4.plex.direct:32424/library/metadata/4770/thumb/1767062842?X-Plex-Token=F4q7-RsxQ2Gj1_VDgBoL "HTTP/1.1 200 OK"
2026-01-10 00:28:22,064 - httpx        - INFO     - HTTP Request: GET https://86-204-236-221.461ba8fd9bca42c4b2c637e43e7617e4.plex.direct:32424/library/metadata/64366/thumb/1765341275?X-Plex-Token=F4q7-RsxQ2Gj1_VDgBoL "HTTP/1.1 200 OK"
2026-01-10 00:28:22,544 - httpx        - INFO     - HTTP Request: GET https://86-204-236-221.461ba8fd9bca42c4b2c637e43e7617e4.plex.direct:32424/library/metadata/54734/thumb/1763006718?X-Plex-Token=F4q7-RsxQ2Gj1_VDgBoL "HTTP/1.1 200 OK"
2026-01-10 00:28:23,278 - httpx        - INFO     - HTTP Request: GET https://86-204-236-221.461ba8fd9bca42c4b2c637e43e7617e4.plex.direct:32424/library/metadata/4185/thumb/1765511949?X-Plex-Token=F4q7-RsxQ2Gj1_VDgBoL "HTTP/1.1 200 OK"
2026-01-10 00:28:23,577 - httpx        - INFO     - HTTP Request: GET https://86-204-236-221.461ba8fd9bca42c4b2c637e43e7617e4.plex.direct:32424/library/metadata/4971/thumb/1767238159?X-Plex-Token=F4q7-RsxQ2Gj1_VDgBoL "HTTP/1.1 200 OK"
2026-01-10 00:28:25,319 - httpx        - INFO     - HTTP Request: GET https://86-204-236-221.461ba8fd9bca42c4b2c637e43e7617e4.plex.direct:32424/library/metadata/3842/thumb/1767580715?X-Plex-Token=F4q7-RsxQ2Gj1_VDgBoL "HTTP/1.1 200 OK"
2026-01-10 00:28:25,739 - httpx        - INFO     - HTTP Request: GET https://86-204-236-221.461ba8fd9bca42c4b2c637e43e7617e4.plex.direct:32424/library/metadata/4125/thumb/1765419064?X-Plex-Token=F4q7-RsxQ2Gj1_VDgBoL "HTTP/1.1 200 OK"
2026-01-10 00:28:26,030 - httpx        - INFO     - HTTP Request: GET https://86-204-236-221.461ba8fd9bca42c4b2c637e43e7617e4.plex.direct:32424/library/metadata/54818/thumb/1763093967?X-Plex-Token=F4q7-RsxQ2Gj1_VDgBoL "HTTP/1.1 200 OK"
2026-01-10 00:28:28,174 - httpx        - INFO     - HTTP Request: GET https://86-204-236-221.461ba8fd9bca42c4b2c637e43e7617e4.plex.direct:32424/library/metadata/4449/thumb/1766975917?X-Plex-Token=F4q7-RsxQ2Gj1_VDgBoL "HTTP/1.1 200 OK"
2026-01-10 00:28:28,492 - httpx        - INFO     - HTTP Request: GET https://86-204-236-221.461ba8fd9bca42c4b2c637e43e7617e4.plex.direct:32424/library/metadata/4575/thumb/1766975943?X-Plex-Token=F4q7-RsxQ2Gj1_VDgBoL "HTTP/1.1 200 OK"
2026-01-10 00:28:28,944 - httpx        - INFO     - HTTP Request: GET https://86-204-236-221.461ba8fd9bca42c4b2c637e43e7617e4.plex.direct:32424/library/metadata/54525/thumb/1767933449?X-Plex-Token=F4q7-RsxQ2Gj1_VDgBoL "HTTP/1.1 200 OK"
2026-01-10 00:28:28,948 - httpx        - INFO     - HTTP Request: GET https://86-204-236-221.461ba8fd9bca42c4b2c637e43e7617e4.plex.direct:32424/library/metadata/71242/thumb/1763006732?X-Plex-Token=F4q7-RsxQ2Gj1_VDgBoL "HTTP/1.1 200 OK"
2026-01-10 00:28:29,184 - httpx        - INFO     - HTTP Request: GET https://86-204-236-221.461ba8fd9bca42c4b2c637e43e7617e4.plex.direct:32424/library/metadata/54280/thumb/1767932113?X-Plex-Token=F4q7-RsxQ2Gj1_VDgBoL "HTTP/1.1 200 OK"
2026-01-10 00:28:29,186 - httpx        - INFO     - HTTP Request: GET https://86-204-236-221.461ba8fd9bca42c4b2c637e43e7617e4.plex.direct:32424/library/metadata/54659/thumb/1765341268?X-Plex-Token=F4q7-RsxQ2Gj1_VDgBoL "HTTP/1.1 200 OK"
2026-01-10 00:28:29,883 - httpx        - INFO     - HTTP Request: GET https://192-168-0-175.73d044407d6741c8a17d97a88c22846e.plex.direct:32400/library/metadata/38510/thumb/1767912679?X-Plex-Token=HIDDEN_TOKEN "HTTP/1.1 200 OK"
2026-01-10 00:28:30,495 - httpx        - INFO     - HTTP Request: GET https://86-204-236-221.461ba8fd9bca42c4b2c637e43e7617e4.plex.direct:32424/library/metadata/4323/thumb/1765511967?X-Plex-Token=F4q7-RsxQ2Gj1_VDgBoL "HTTP/1.1 200 OK"
2026-01-10 00:28:30,717 - httpx        - INFO     - HTTP Request: GET https://86-204-236-221.461ba8fd9bca42c4b2c637e43e7617e4.plex.direct:32424/library/metadata/72649/thumb/1762922970?X-Plex-Token=F4q7-RsxQ2Gj1_VDgBoL "HTTP/1.1 200 OK"
2026-01-10 00:28:30,944 - httpx        - INFO     - HTTP Request: GET https://86-204-236-221.461ba8fd9bca42c4b2c637e43e7617e4.plex.direct:32424/library/metadata/5018/thumb/1767321849?X-Plex-Token=F4q7-RsxQ2Gj1_VDgBoL "HTTP/1.1 200 OK"
2026-01-10 00:28:31,352 - httpx        - INFO     - HTTP Request: GET https://86-204-236-221.461ba8fd9bca42c4b2c637e43e7617e4.plex.direct:32424/library/metadata/4344/thumb/1766888261?X-Plex-Token=F4q7-RsxQ2Gj1_VDgBoL "HTTP/1.1 200 OK"
2026-01-10 00:28:31,469 - httpx        - INFO     - HTTP Request: GET https://86-204-236-221.461ba8fd9bca42c4b2c637e43e7617e4.plex.direct:32424/library/metadata/4448/thumb/1766975917?X-Plex-Token=F4q7-RsxQ2Gj1_VDgBoL "HTTP/1.1 200 OK"
2026-01-10 00:28:31,580 - httpx        - INFO     - HTTP Request: GET https://86-204-236-221.461ba8fd9bca42c4b2c637e43e7617e4.plex.direct:32424/library/metadata/71929/thumb/1765600940?X-Plex-Token=F4q7-RsxQ2Gj1_VDgBoL "HTTP/1.1 200 OK"
2026-01-10 00:28:31,617 - httpx        - INFO     - HTTP Request: GET https://86-204-236-221.461ba8fd9bca42c4b2c637e43e7617e4.plex.direct:32424/library/metadata/4574/thumb/1766975943?X-Plex-Token=F4q7-RsxQ2Gj1_VDgBoL "HTTP/1.1 200 OK"
2026-01-10 00:28:31,666 - httpx        - INFO     - HTTP Request: GET https://86-204-236-221.461ba8fd9bca42c4b2c637e43e7617e4.plex.direct:32424/library/metadata/4329/thumb/1766888251?X-Plex-Token=F4q7-RsxQ2Gj1_VDgBoL "HTTP/1.1 200 OK"
2026-01-10 00:28:32,076 - httpx        - INFO     - HTTP Request: GET https://86-204-236-221.461ba8fd9bca42c4b2c637e43e7617e4.plex.direct:32424/library/metadata/64886/thumb/1765857400?X-Plex-Token=F4q7-RsxQ2Gj1_VDgBoL "HTTP/1.1 200 OK"
2026-01-10 00:28:32,077 - httpx        - INFO     - HTTP Request: GET https://86-204-236-221.461ba8fd9bca42c4b2c637e43e7617e4.plex.direct:32424/library/metadata/3869/thumb/1765419019?X-Plex-Token=F4q7-RsxQ2Gj1_VDgBoL "HTTP/1.1 200 OK"
2026-01-10 00:28:32,725 - httpx        - INFO     - HTTP Request: GET https://86-204-236-221.461ba8fd9bca42c4b2c637e43e7617e4.plex.direct:32424/library/metadata/77588/thumb/1767493934?X-Plex-Token=F4q7-RsxQ2Gj1_VDgBoL "HTTP/1.1 200 OK"
2026-01-10 00:28:32,817 - httpx        - INFO     - HTTP Request: GET https://86-204-236-221.461ba8fd9bca42c4b2c637e43e7617e4.plex.direct:32424/library/metadata/4961/thumb/1767238156?X-Plex-Token=F4q7-RsxQ2Gj1_VDgBoL "HTTP/1.1 200 OK"
2026-01-10 00:28:32,819 - httpx        - INFO     - HTTP Request: GET https://86-204-236-221.461ba8fd9bca42c4b2c637e43e7617e4.plex.direct:32424/library/metadata/6235/thumb/1765857355?X-Plex-Token=F4q7-RsxQ2Gj1_VDgBoL "HTTP/1.1 200 OK"
2026-01-10 00:28:33,463 - httpx        - INFO     - HTTP Request: GET https://86-204-236-221.461ba8fd9bca42c4b2c637e43e7617e4.plex.direct:32424/library/metadata/4891/thumb/1767151671?X-Plex-Token=F4q7-RsxQ2Gj1_VDgBoL "HTTP/1.1 200 OK"
2026-01-10 00:28:33,662 - httpx        - INFO     - HTTP Request: GET https://86-204-236-221.461ba8fd9bca42c4b2c637e43e7617e4.plex.direct:32424/library/metadata/54684/thumb/1763006708?X-Plex-Token=F4q7-RsxQ2Gj1_VDgBoL "HTTP/1.1 200 OK"
2026-01-10 00:28:34,061 - httpx        - INFO     - HTTP Request: GET https://86-204-236-221.461ba8fd9bca42c4b2c637e43e7617e4.plex.direct:32424/library/metadata/4570/thumb/1766975941?X-Plex-Token=F4q7-RsxQ2Gj1_VDgBoL "HTTP/1.1 200 OK"
2026-01-10 00:28:34,368 - httpx        - INFO     - HTTP Request: GET https://86-204-236-221.461ba8fd9bca42c4b2c637e43e7617e4.plex.direct:32424/library/metadata/4890/thumb/1767151670?X-Plex-Token=F4q7-RsxQ2Gj1_VDgBoL "HTTP/1.1 200 OK"
2026-01-10 00:28:35,486 - httpx        - INFO     - HTTP Request: GET https://86-204-236-221.461ba8fd9bca42c4b2c637e43e7617e4.plex.direct:32424/library/metadata/4816/thumb/1767151659?X-Plex-Token=F4q7-RsxQ2Gj1_VDgBoL "HTTP/1.1 200 OK"
2026-01-10 00:28:35,488 - httpx        - INFO     - HTTP Request: GET https://86-204-236-221.461ba8fd9bca42c4b2c637e43e7617e4.plex.direct:32424/library/metadata/61646/thumb/1767321894?X-Plex-Token=F4q7-RsxQ2Gj1_VDgBoL "HTTP/1.1 200 OK"
2026-01-10 00:28:35,514 - httpx        - INFO     - HTTP Request: GET https://86-204-236-221.461ba8fd9bca42c4b2c637e43e7617e4.plex.direct:32424/library/metadata/64821/thumb/1765857396?X-Plex-Token=F4q7-RsxQ2Gj1_VDgBoL "HTTP/1.1 200 OK"
2026-01-10 00:28:35,541 - httpx        - INFO     - HTTP Request: GET https://86-204-236-221.461ba8fd9bca42c4b2c637e43e7617e4.plex.direct:32424/library/metadata/3627/thumb/1765341242?X-Plex-Token=F4q7-RsxQ2Gj1_VDgBoL "HTTP/1.1 200 OK"
2026-01-10 00:28:35,565 - httpx        - INFO     - HTTP Request: GET https://86-204-236-221.461ba8fd9bca42c4b2c637e43e7617e4.plex.direct:32424/library/metadata/4082/thumb/1765419056?X-Plex-Token=F4q7-RsxQ2Gj1_VDgBoL "HTTP/1.1 200 OK"
2026-01-10 00:28:36,228 - httpx        - INFO     - HTTP Request: GET https://86-204-236-221.461ba8fd9bca42c4b2c637e43e7617e4.plex.direct:32424/library/metadata/53107/thumb/1767581636?X-Plex-Token=F4q7-RsxQ2Gj1_VDgBoL "HTTP/1.1 200 OK"
2026-01-10 00:28:36,536 - httpx        - INFO     - HTTP Request: GET https://86-204-236-221.461ba8fd9bca42c4b2c637e43e7617e4.plex.direct:32424/library/metadata/4568/thumb/1766975940?X-Plex-Token=F4q7-RsxQ2Gj1_VDgBoL "HTTP/1.1 200 OK"
2026-01-10 00:28:37,014 - httpx        - INFO     - HTTP Request: GET https://86-204-236-221.461ba8fd9bca42c4b2c637e43e7617e4.plex.direct:32424/library/metadata/54262/thumb/1767931631?X-Plex-Token=F4q7-RsxQ2Gj1_VDgBoL "HTTP/1.1 200 OK"
2026-01-10 00:28:37,405 - httpx        - INFO     - HTTP Request: GET https://86-204-236-221.461ba8fd9bca42c4b2c637e43e7617e4.plex.direct:32424/library/metadata/4515/thumb/1766975927?X-Plex-Token=F4q7-RsxQ2Gj1_VDgBoL "HTTP/1.1 200 OK"
2026-01-10 00:28:37,569 - httpx        - INFO     - HTTP Request: GET https://86-204-236-221.461ba8fd9bca42c4b2c637e43e7617e4.plex.direct:32424/library/metadata/3832/thumb/1763348801?X-Plex-Token=F4q7-RsxQ2Gj1_VDgBoL "HTTP/1.1 200 OK"
2026-01-10 00:28:37,572 - httpx        - INFO     - HTTP Request: GET https://86-204-236-221.461ba8fd9bca42c4b2c637e43e7617e4.plex.direct:32424/library/metadata/53666/thumb/1767928256?X-Plex-Token=F4q7-RsxQ2Gj1_VDgBoL "HTTP/1.1 200 OK"
2026-01-10 00:28:37,799 - httpx        - INFO     - HTTP Request: GET https://86-204-236-221.461ba8fd9bca42c4b2c637e43e7617e4.plex.direct:32424/library/metadata/4567/thumb/1766975939?X-Plex-Token=F4q7-RsxQ2Gj1_VDgBoL "HTTP/1.1 200 OK"
2026-01-10 00:28:38,381 - httpx        - INFO     - HTTP Request: GET https://86-204-236-221.461ba8fd9bca42c4b2c637e43e7617e4.plex.direct:32424/library/metadata/74115/thumb/1765512001?X-Plex-Token=F4q7-RsxQ2Gj1_VDgBoL "HTTP/1.1 200 OK"
2026-01-10 00:28:39,404 - httpx        - INFO     - HTTP Request: GET https://86-204-236-221.461ba8fd9bca42c4b2c637e43e7617e4.plex.direct:32424/library/metadata/54711/thumb/1763006713?X-Plex-Token=F4q7-RsxQ2Gj1_VDgBoL "HTTP/1.1 200 OK"
2026-01-10 00:28:39,498 - httpx        - INFO     - HTTP Request: GET https://86-204-236-221.461ba8fd9bca42c4b2c637e43e7617e4.plex.direct:32424/library/metadata/3744/thumb/1765341251?X-Plex-Token=F4q7-RsxQ2Gj1_VDgBoL "HTTP/1.1 200 OK"
2026-01-10 00:28:39,630 - httpx        - INFO     - HTTP Request: GET https://86-204-236-221.461ba8fd9bca42c4b2c637e43e7617e4.plex.direct:32424/library/metadata/66672/thumb/1767151707?X-Plex-Token=F4q7-RsxQ2Gj1_VDgBoL "HTTP/1.1 200 OK"
2026-01-10 00:28:39,824 - httpx        - INFO     - HTTP Request: GET https://192-168-0-175.73d044407d6741c8a17d97a88c22846e.plex.direct:32400/library/metadata/40672/thumb/1767912934?X-Plex-Token=HIDDEN_TOKEN "HTTP/1.1 200 OK"
2026-01-10 00:28:40,206 - httpx        - INFO     - HTTP Request: GET https://86-204-236-221.461ba8fd9bca42c4b2c637e43e7617e4.plex.direct:32424/library/metadata/64880/thumb/1765857400?X-Plex-Token=F4q7-RsxQ2Gj1_VDgBoL "HTTP/1.1 200 OK"
2026-01-10 00:28:40,213 - httpx        - INFO     - HTTP Request: GET https://86-204-236-221.461ba8fd9bca42c4b2c637e43e7617e4.plex.direct:32424/library/metadata/54787/thumb/1740466781?X-Plex-Token=F4q7-RsxQ2Gj1_VDgBoL "HTTP/1.1 200 OK"
2026-01-10 00:28:40,405 - httpx        - INFO     - HTTP Request: GET https://86-204-236-221.461ba8fd9bca42c4b2c637e43e7617e4.plex.direct:32424/library/metadata/68831/thumb/1763093977?X-Plex-Token=F4q7-RsxQ2Gj1_VDgBoL "HTTP/1.1 200 OK"
2026-01-10 00:28:40,406 - httpx        - INFO     - HTTP Request: GET https://86-204-236-221.461ba8fd9bca42c4b2c637e43e7617e4.plex.direct:32424/library/metadata/4573/thumb/1766975942?X-Plex-Token=F4q7-RsxQ2Gj1_VDgBoL "HTTP/1.1 200 OK"
2026-01-10 00:28:40,408 - httpx        - INFO     - HTTP Request: GET https://86-204-236-221.461ba8fd9bca42c4b2c637e43e7617e4.plex.direct:32424/library/metadata/64121/thumb/1764559765?X-Plex-Token=F4q7-RsxQ2Gj1_VDgBoL "HTTP/1.1 200 OK"
2026-01-10 00:28:42,069 - httpx        - INFO     - HTTP Request: GET https://86-204-236-221.461ba8fd9bca42c4b2c637e43e7617e4.plex.direct:32424/library/metadata/78325/thumb/1767934209?X-Plex-Token=F4q7-RsxQ2Gj1_VDgBoL "HTTP/1.1 200 OK"
2026-01-10 00:28:42,299 - httpx        - INFO     - HTTP Request: GET https://86-204-236-221.461ba8fd9bca42c4b2c637e43e7617e4.plex.direct:32424/library/metadata/4346/thumb/1766888263?X-Plex-Token=F4q7-RsxQ2Gj1_VDgBoL "HTTP/1.1 200 OK"
2026-01-10 00:28:43,105 - httpx        - INFO     - HTTP Request: GET https://86-204-236-221.461ba8fd9bca42c4b2c637e43e7617e4.plex.direct:32424/library/metadata/64116/thumb/1764559764?X-Plex-Token=F4q7-RsxQ2Gj1_VDgBoL "HTTP/1.1 200 OK"
2026-01-10 00:28:43,316 - httpx        - INFO     - HTTP Request: GET https://86-204-236-221.461ba8fd9bca42c4b2c637e43e7617e4.plex.direct:32424/library/metadata/4827/thumb/1767151661?X-Plex-Token=F4q7-RsxQ2Gj1_VDgBoL "HTTP/1.1 200 OK"
2026-01-10 00:28:43,587 - httpx        - INFO     - HTTP Request: GET https://86-204-236-221.461ba8fd9bca42c4b2c637e43e7617e4.plex.direct:32424/library/metadata/72646/thumb/1762922969?X-Plex-Token=F4q7-RsxQ2Gj1_VDgBoL "HTTP/1.1 200 OK"
2026-01-10 00:28:43,712 - httpx        - INFO     - HTTP Request: GET https://86-204-236-221.461ba8fd9bca42c4b2c637e43e7617e4.plex.direct:32424/library/metadata/54832/thumb/1767924574?X-Plex-Token=F4q7-RsxQ2Gj1_VDgBoL "HTTP/1.1 200 OK"
2026-01-10 00:28:43,748 - httpx        - INFO     - HTTP Request: GET https://86-204-236-221.461ba8fd9bca42c4b2c637e43e7617e4.plex.direct:32424/library/metadata/42727/thumb/1763348812?X-Plex-Token=F4q7-RsxQ2Gj1_VDgBoL "HTTP/1.1 200 OK"
2026-01-10 00:28:44,196 - httpx        - INFO     - HTTP Request: GET https://86-204-236-221.461ba8fd9bca42c4b2c637e43e7617e4.plex.direct:32424/library/metadata/4562/thumb/1766975937?X-Plex-Token=F4q7-RsxQ2Gj1_VDgBoL "HTTP/1.1 200 OK"
2026-01-10 00:28:44,198 - httpx        - INFO     - HTTP Request: GET https://86-204-236-221.461ba8fd9bca42c4b2c637e43e7617e4.plex.direct:32424/library/metadata/5002/thumb/1767238171?X-Plex-Token=F4q7-RsxQ2Gj1_VDgBoL "HTTP/1.1 200 OK"
2026-01-10 00:28:44,201 - httpx        - INFO     - HTTP Request: GET https://86-204-236-221.461ba8fd9bca42c4b2c637e43e7617e4.plex.direct:32424/library/metadata/4454/thumb/1766975918?X-Plex-Token=F4q7-RsxQ2Gj1_VDgBoL "HTTP/1.1 200 OK"
2026-01-10 00:28:44,327 - httpx        - INFO     - HTTP Request: GET https://86-204-236-221.461ba8fd9bca42c4b2c637e43e7617e4.plex.direct:32424/library/metadata/53132/thumb/1767581664?X-Plex-Token=F4q7-RsxQ2Gj1_VDgBoL "HTTP/1.1 200 OK"
2026-01-10 00:28:44,504 - httpx        - INFO     - HTTP Request: GET https://86-204-236-221.461ba8fd9bca42c4b2c637e43e7617e4.plex.direct:32424/library/metadata/4623/thumb/1767062802?X-Plex-Token=F4q7-RsxQ2Gj1_VDgBoL "HTTP/1.1 200 OK"
2026-01-10 00:28:44,506 - httpx        - INFO     - HTTP Request: GET https://86-204-236-221.461ba8fd9bca42c4b2c637e43e7617e4.plex.direct:32424/library/metadata/5165/thumb/1767321872?X-Plex-Token=F4q7-RsxQ2Gj1_VDgBoL "HTTP/1.1 200 OK"
2026-01-10 00:28:44,600 - httpx        - INFO     - HTTP Request: GET https://86-204-236-221.461ba8fd9bca42c4b2c637e43e7617e4.plex.direct:32424/library/metadata/4561/thumb/1766975936?X-Plex-Token=F4q7-RsxQ2Gj1_VDgBoL "HTTP/1.1 200 OK"
2026-01-10 00:28:44,660 - httpx        - INFO     - HTTP Request: GET https://86-204-236-221.461ba8fd9bca42c4b2c637e43e7617e4.plex.direct:32424/library/metadata/4760/thumb/1767062834?X-Plex-Token=F4q7-RsxQ2Gj1_VDgBoL "HTTP/1.1 200 OK"
2026-01-10 00:28:44,736 - httpx        - INFO     - HTTP Request: GET https://86-204-236-221.461ba8fd9bca42c4b2c637e43e7617e4.plex.direct:32424/library/metadata/3743/thumb/1765341251?X-Plex-Token=F4q7-RsxQ2Gj1_VDgBoL "HTTP/1.1 200 OK"
2026-01-10 00:28:44,779 - httpx        - INFO     - HTTP Request: GET https://86-204-236-221.461ba8fd9bca42c4b2c637e43e7617e4.plex.direct:32424/library/metadata/3890/thumb/1765419023?X-Plex-Token=F4q7-RsxQ2Gj1_VDgBoL "HTTP/1.1 200 OK"
2026-01-10 00:28:44,780 - httpx        - INFO     - HTTP Request: GET https://86-204-236-221.461ba8fd9bca42c4b2c637e43e7617e4.plex.direct:32424/library/metadata/4554/thumb/1766975936?X-Plex-Token=F4q7-RsxQ2Gj1_VDgBoL "HTTP/1.1 200 OK"
2026-01-10 00:28:44,787 - httpx        - INFO     - HTTP Request: GET https://86-204-236-221.461ba8fd9bca42c4b2c637e43e7617e4.plex.direct:32424/library/metadata/6236/thumb/1737124950?X-Plex-Token=F4q7-RsxQ2Gj1_VDgBoL "HTTP/1.1 200 OK"
2026-01-10 00:28:44,852 - httpx        - INFO     - HTTP Request: GET https://86-204-236-221.461ba8fd9bca42c4b2c637e43e7617e4.plex.direct:32424/library/metadata/4553/thumb/1737116410?X-Plex-Token=F4q7-RsxQ2Gj1_VDgBoL "HTTP/1.1 200 OK"
2026-01-10 00:28:45,104 - httpx        - INFO     - HTTP Request: GET https://86-204-236-221.461ba8fd9bca42c4b2c637e43e7617e4.plex.direct:32424/library/metadata/5006/thumb/1761710641?X-Plex-Token=F4q7-RsxQ2Gj1_VDgBoL "HTTP/1.1 200 OK"
2026-01-10 00:28:45,214 - httpx        - INFO     - HTTP Request: GET https://86-204-236-221.461ba8fd9bca42c4b2c637e43e7617e4.plex.direct:32424/library/metadata/4455/thumb/1737116393?X-Plex-Token=F4q7-RsxQ2Gj1_VDgBoL "HTTP/1.1 200 OK"
2026-01-10 00:28:45,448 - httpx        - INFO     - HTTP Request: GET https://86-204-236-221.461ba8fd9bca42c4b2c637e43e7617e4.plex.direct:32424/library/metadata/54717/thumb/1763006714?X-Plex-Token=F4q7-RsxQ2Gj1_VDgBoL "HTTP/1.1 200 OK"
2026-01-10 00:28:45,503 - httpx        - INFO     - HTTP Request: GET https://86-204-236-221.461ba8fd9bca42c4b2c637e43e7617e4.plex.direct:32424/library/metadata/4951/thumb/1767238152?X-Plex-Token=F4q7-RsxQ2Gj1_VDgBoL "HTTP/1.1 200 OK"
2026-01-10 00:28:45,580 - httpx        - INFO     - HTTP Request: GET https://86-204-236-221.461ba8fd9bca42c4b2c637e43e7617e4.plex.direct:32424/library/metadata/54290/thumb/1767932205?X-Plex-Token=F4q7-RsxQ2Gj1_VDgBoL "HTTP/1.1 200 OK"
2026-01-10 00:28:45,762 - httpx        - INFO     - HTTP Request: GET https://86-204-236-221.461ba8fd9bca42c4b2c637e43e7617e4.plex.direct:32424/library/metadata/4228/thumb/1767926240?X-Plex-Token=F4q7-RsxQ2Gj1_VDgBoL "HTTP/1.1 200 OK"
2026-01-10 00:28:46,159 - httpx        - INFO     - HTTP Request: GET https://86-204-236-221.461ba8fd9bca42c4b2c637e43e7617e4.plex.direct:32424/library/metadata/4782/thumb/1767062845?X-Plex-Token=F4q7-RsxQ2Gj1_VDgBoL "HTTP/1.1 200 OK"
2026-01-10 00:28:46,161 - httpx        - INFO     - HTTP Request: GET https://86-204-236-221.461ba8fd9bca42c4b2c637e43e7617e4.plex.direct:32424/library/metadata/66829/thumb/1767321903?X-Plex-Token=F4q7-RsxQ2Gj1_VDgBoL "HTTP/1.1 200 OK"
2026-01-10 00:28:46,567 - httpx        - INFO     - HTTP Request: GET https://86-204-236-221.461ba8fd9bca42c4b2c637e43e7617e4.plex.direct:32424/library/metadata/61699/thumb/1767321896?X-Plex-Token=F4q7-RsxQ2Gj1_VDgBoL "HTTP/1.1 200 OK"
2026-01-10 00:28:46,606 - httpx        - INFO     - HTTP Request: GET https://86-204-236-221.461ba8fd9bca42c4b2c637e43e7617e4.plex.direct:32424/library/metadata/4764/thumb/1767062838?X-Plex-Token=F4q7-RsxQ2Gj1_VDgBoL "HTTP/1.1 200 OK"
2026-01-10 00:28:47,248 - httpx        - INFO     - HTTP Request: GET https://86-204-236-221.461ba8fd9bca42c4b2c637e43e7617e4.plex.direct:32424/library/metadata/3791/thumb/1765341258?X-Plex-Token=F4q7-RsxQ2Gj1_VDgBoL "HTTP/1.1 200 OK"
2026-01-10 00:28:47,252 - httpx        - INFO     - HTTP Request: GET https://86-204-236-221.461ba8fd9bca42c4b2c637e43e7617e4.plex.direct:32424/library/metadata/61972/thumb/1767321899?X-Plex-Token=F4q7-RsxQ2Gj1_VDgBoL "HTTP/1.1 200 OK"
2026-01-10 00:28:47,352 - httpx        - INFO     - HTTP Request: GET https://86-204-236-221.461ba8fd9bca42c4b2c637e43e7617e4.plex.direct:32424/library/metadata/54561/thumb/1762922950?X-Plex-Token=F4q7-RsxQ2Gj1_VDgBoL "HTTP/1.1 200 OK"
2026-01-10 00:28:47,633 - httpx        - INFO     - HTTP Request: GET https://86-204-236-221.461ba8fd9bca42c4b2c637e43e7617e4.plex.direct:32424/library/metadata/61280/thumb/1767924321?X-Plex-Token=F4q7-RsxQ2Gj1_VDgBoL "HTTP/1.1 200 OK"
2026-01-10 00:28:48,255 - httpx        - INFO     - HTTP Request: GET https://86-204-236-221.461ba8fd9bca42c4b2c637e43e7617e4.plex.direct:32424/library/metadata/53133/thumb/1767925900?X-Plex-Token=F4q7-RsxQ2Gj1_VDgBoL "HTTP/1.1 200 OK"
2026-01-10 00:28:49,887 - httpx        - INFO     - HTTP Request: GET https://192-168-0-175.73d044407d6741c8a17d97a88c22846e.plex.direct:32400/library/metadata/44061/thumb/1767913268?X-Plex-Token=HIDDEN_TOKEN "HTTP/1.1 200 OK"
2026-01-10 00:28:49,889 - httpx        - INFO     - HTTP Request: GET https://86-204-236-221.461ba8fd9bca42c4b2c637e43e7617e4.plex.direct:32424/library/metadata/79450/thumb/1763441217?X-Plex-Token=F4q7-RsxQ2Gj1_VDgBoL "HTTP/1.1 200 OK"
2026-01-10 00:28:49,938 - httpx        - INFO     - HTTP Request: GET https://86-204-236-221.461ba8fd9bca42c4b2c637e43e7617e4.plex.direct:32424/library/metadata/64363/thumb/1765341274?X-Plex-Token=F4q7-RsxQ2Gj1_VDgBoL "HTTP/1.1 200 OK"
2026-01-10 00:28:49,941 - httpx        - INFO     - HTTP Request: GET https://192-168-0-175.73d044407d6741c8a17d97a88c22846e.plex.direct:32400/library/metadata/37635/thumb/1767913269?X-Plex-Token=HIDDEN_TOKEN "HTTP/1.1 200 OK"
2026-01-10 00:28:51,578 - httpx        - INFO     - HTTP Request: GET https://86-204-236-221.461ba8fd9bca42c4b2c637e43e7617e4.plex.direct:32424/library/metadata/60233/thumb/1766374770?X-Plex-Token=F4q7-RsxQ2Gj1_VDgBoL "HTTP/1.1 200 OK"
2026-01-10 00:28:51,928 - httpx        - INFO     - HTTP Request: GET https://86-204-236-221.461ba8fd9bca42c4b2c637e43e7617e4.plex.direct:32424/library/metadata/61970/thumb/1767321897?X-Plex-Token=F4q7-RsxQ2Gj1_VDgBoL "HTTP/1.1 200 OK"
2026-01-10 00:28:52,035 - httpx        - INFO     - HTTP Request: GET https://86-204-236-221.461ba8fd9bca42c4b2c637e43e7617e4.plex.direct:32424/library/metadata/66604/thumb/1766975966?X-Plex-Token=F4q7-RsxQ2Gj1_VDgBoL "HTTP/1.1 200 OK"
2026-01-10 00:28:52,470 - httpx        - INFO     - HTTP Request: GET https://86-204-236-221.461ba8fd9bca42c4b2c637e43e7617e4.plex.direct:32424/library/metadata/4324/thumb/1765511968?X-Plex-Token=F4q7-RsxQ2Gj1_VDgBoL "HTTP/1.1 200 OK"
2026-01-10 00:28:52,609 - httpx        - INFO     - HTTP Request: GET https://86-204-236-221.461ba8fd9bca42c4b2c637e43e7617e4.plex.direct:32424/library/metadata/4762/thumb/1767062837?X-Plex-Token=F4q7-RsxQ2Gj1_VDgBoL "HTTP/1.1 200 OK"
2026-01-10 00:28:52,611 - httpx        - INFO     - HTTP Request: GET https://86-204-236-221.461ba8fd9bca42c4b2c637e43e7617e4.plex.direct:32424/library/metadata/82382/thumb/1765857419?X-Plex-Token=F4q7-RsxQ2Gj1_VDgBoL "HTTP/1.1 200 OK"
2026-01-10 00:28:52,614 - httpx        - INFO     - HTTP Request: GET https://86-204-236-221.461ba8fd9bca42c4b2c637e43e7617e4.plex.direct:32424/library/metadata/5696/thumb/1765687778?X-Plex-Token=F4q7-RsxQ2Gj1_VDgBoL "HTTP/1.1 200 OK"
2026-01-10 00:28:52,615 - httpx        - INFO     - HTTP Request: GET https://86-204-236-221.461ba8fd9bca42c4b2c637e43e7617e4.plex.direct:32424/library/metadata/4909/thumb/1767928861?X-Plex-Token=F4q7-RsxQ2Gj1_VDgBoL "HTTP/1.1 200 OK"
2026-01-10 00:28:53,120 - httpx        - INFO     - HTTP Request: GET https://86-204-236-221.461ba8fd9bca42c4b2c637e43e7617e4.plex.direct:32424/library/metadata/3586/thumb/1763348797?X-Plex-Token=F4q7-RsxQ2Gj1_VDgBoL "HTTP/1.1 200 OK"
2026-01-10 00:28:53,906 - httpx        - INFO     - HTTP Request: GET https://86-204-236-221.461ba8fd9bca42c4b2c637e43e7617e4.plex.direct:32424/library/metadata/4551/thumb/1766975935?X-Plex-Token=F4q7-RsxQ2Gj1_VDgBoL "HTTP/1.1 200 OK"
2026-01-10 00:28:54,378 - httpx        - INFO     - HTTP Request: GET https://86-204-236-221.461ba8fd9bca42c4b2c637e43e7617e4.plex.direct:32424/library/metadata/54465/thumb/1767932859?X-Plex-Token=F4q7-RsxQ2Gj1_VDgBoL "HTTP/1.1 200 OK"
2026-01-10 00:28:54,442 - httpx        - INFO     - HTTP Request: GET https://86-204-236-221.461ba8fd9bca42c4b2c637e43e7617e4.plex.direct:32424/library/metadata/5011/thumb/1767321847?X-Plex-Token=F4q7-RsxQ2Gj1_VDgBoL "HTTP/1.1 200 OK"
2026-01-10 00:28:54,489 - httpx        - INFO     - HTTP Request: GET https://86-204-236-221.461ba8fd9bca42c4b2c637e43e7617e4.plex.direct:32424/library/metadata/4994/thumb/1767238167?X-Plex-Token=F4q7-RsxQ2Gj1_VDgBoL "HTTP/1.1 200 OK"
2026-01-10 00:28:54,601 - httpx        - INFO     - HTTP Request: GET https://86-204-236-221.461ba8fd9bca42c4b2c637e43e7617e4.plex.direct:32424/library/metadata/54119/thumb/1767751762?X-Plex-Token=F4q7-RsxQ2Gj1_VDgBoL "HTTP/1.1 200 OK"
2026-01-10 00:28:55,274 - httpx        - INFO     - HTTP Request: GET https://86-204-236-221.461ba8fd9bca42c4b2c637e43e7617e4.plex.direct:32424/library/metadata/3750/thumb/1765341252?X-Plex-Token=F4q7-RsxQ2Gj1_VDgBoL "HTTP/1.1 200 OK"
2026-01-10 00:28:55,347 - httpx        - INFO     - HTTP Request: GET https://86-204-236-221.461ba8fd9bca42c4b2c637e43e7617e4.plex.direct:32424/library/metadata/85374/thumb/1767751781?X-Plex-Token=F4q7-RsxQ2Gj1_VDgBoL "HTTP/1.1 200 OK"
2026-01-10 00:28:55,504 - httpx        - INFO     - HTTP Request: GET https://86-204-236-221.461ba8fd9bca42c4b2c637e43e7617e4.plex.direct:32424/library/metadata/5601/thumb/1737124821?X-Plex-Token=F4q7-RsxQ2Gj1_VDgBoL "HTTP/1.1 200 OK"
2026-01-10 00:28:55,505 - httpx        - INFO     - HTTP Request: GET https://86-204-236-221.461ba8fd9bca42c4b2c637e43e7617e4.plex.direct:32424/library/metadata/3830/thumb/1759724056?X-Plex-Token=F4q7-RsxQ2Gj1_VDgBoL "HTTP/1.1 200 OK"
2026-01-10 00:28:55,875 - httpx        - INFO     - HTTP Request: GET https://86-204-236-221.461ba8fd9bca42c4b2c637e43e7617e4.plex.direct:32424/library/metadata/4804/thumb/1767151658?X-Plex-Token=F4q7-RsxQ2Gj1_VDgBoL "HTTP/1.1 200 OK"
2026-01-10 00:28:56,126 - httpx        - INFO     - HTTP Request: GET https://86-204-236-221.461ba8fd9bca42c4b2c637e43e7617e4.plex.direct:32424/library/metadata/77237/thumb/1767238204?X-Plex-Token=F4q7-RsxQ2Gj1_VDgBoL "HTTP/1.1 200 OK"
2026-01-10 00:28:56,624 - httpx        - INFO     - HTTP Request: GET https://86-204-236-221.461ba8fd9bca42c4b2c637e43e7617e4.plex.direct:32424/library/metadata/4992/thumb/1767238166?X-Plex-Token=F4q7-RsxQ2Gj1_VDgBoL "HTTP/1.1 200 OK"
2026-01-10 00:28:56,930 - httpx        - INFO     - HTTP Request: GET https://86-204-236-221.461ba8fd9bca42c4b2c637e43e7617e4.plex.direct:32424/library/metadata/4464/thumb/1737116394?X-Plex-Token=F4q7-RsxQ2Gj1_VDgBoL "HTTP/1.1 200 OK"
2026-01-10 00:28:56,932 - httpx        - INFO     - HTTP Request: GET https://86-204-236-221.461ba8fd9bca42c4b2c637e43e7617e4.plex.direct:32424/library/metadata/4465/thumb/1761450327?X-Plex-Token=F4q7-RsxQ2Gj1_VDgBoL "HTTP/1.1 200 OK"
2026-01-10 00:28:56,933 - httpx        - INFO     - HTTP Request: GET https://86-204-236-221.461ba8fd9bca42c4b2c637e43e7617e4.plex.direct:32424/library/metadata/4991/thumb/1767062850?X-Plex-Token=F4q7-RsxQ2Gj1_VDgBoL "HTTP/1.1 200 OK"
2026-01-10 00:28:56,934 - httpx        - INFO     - HTTP Request: GET https://86-204-236-221.461ba8fd9bca42c4b2c637e43e7617e4.plex.direct:32424/library/metadata/68734/thumb/1763006728?X-Plex-Token=F4q7-RsxQ2Gj1_VDgBoL "HTTP/1.1 200 OK"
2026-01-10 00:28:57,778 - httpx        - INFO     - HTTP Request: GET https://86-204-236-221.461ba8fd9bca42c4b2c637e43e7617e4.plex.direct:32424/library/metadata/5238/thumb/1765511977?X-Plex-Token=F4q7-RsxQ2Gj1_VDgBoL "HTTP/1.1 200 OK"
2026-01-10 00:28:58,099 - httpx        - INFO     - HTTP Request: GET https://86-204-236-221.461ba8fd9bca42c4b2c637e43e7617e4.plex.direct:32424/library/metadata/54595/thumb/1767924834?X-Plex-Token=F4q7-RsxQ2Gj1_VDgBoL "HTTP/1.1 200 OK"
2026-01-10 00:28:58,404 - PlexClient   - INFO     - ✅ [Scan] aubeplex - Apple M4 Terminé en 21740.49ms - Total: 1800 médias ajoutés.
2026-01-10 00:28:58,610 - httpx        - INFO     - HTTP Request: GET https://86-204-236-221.461ba8fd9bca42c4b2c637e43e7617e4.plex.direct:32424/library/metadata/72408/thumb/1767493927?X-Plex-Token=F4q7-RsxQ2Gj1_VDgBoL "HTTP/1.1 200 OK"
2026-01-10 00:28:58,612 - httpx        - INFO     - HTTP Request: GET https://86-204-236-221.461ba8fd9bca42c4b2c637e43e7617e4.plex.direct:32424/library/metadata/6595/thumb/1765941720?X-Plex-Token=F4q7-RsxQ2Gj1_VDgBoL "HTTP/1.1 200 OK"
2026-01-10 00:28:58,613 - httpx        - INFO     - HTTP Request: GET https://86-204-236-221.461ba8fd9bca42c4b2c637e43e7617e4.plex.direct:32424/library/metadata/58809/thumb/1765341269?X-Plex-Token=F4q7-RsxQ2Gj1_VDgBoL "HTTP/1.1 200 OK"
2026-01-10 00:28:58,614 - httpx        - INFO     - HTTP Request: GET https://86-204-236-221.461ba8fd9bca42c4b2c637e43e7617e4.plex.direct:32424/library/metadata/4639/thumb/1754973203?X-Plex-Token=F4q7-RsxQ2Gj1_VDgBoL "HTTP/1.1 200 OK"
2026-01-10 00:28:58,885 - httpx        - INFO     - HTTP Request: GET https://86-204-236-221.461ba8fd9bca42c4b2c637e43e7617e4.plex.direct:32424/library/metadata/61971/thumb/1767321898?X-Plex-Token=F4q7-RsxQ2Gj1_VDgBoL "HTTP/1.1 200 OK"
2026-01-10 00:28:58,906 - httpx        - INFO     - HTTP Request: GET https://86-204-236-221.461ba8fd9bca42c4b2c637e43e7617e4.plex.direct:32424/library/metadata/54464/thumb/1767932834?X-Plex-Token=F4q7-RsxQ2Gj1_VDgBoL "HTTP/1.1 200 OK"
2026-01-10 00:28:58,911 - httpx        - INFO     - HTTP Request: GET https://86-204-236-221.461ba8fd9bca42c4b2c637e43e7617e4.plex.direct:32424/library/metadata/4548/thumb/1766975934?X-Plex-Token=F4q7-RsxQ2Gj1_VDgBoL "HTTP/1.1 200 OK"
2026-01-10 00:28:59,377 - httpx        - INFO     - HTTP Request: GET https://86-204-236-221.461ba8fd9bca42c4b2c637e43e7617e4.plex.direct:32424/library/metadata/5576/thumb/1765600920?X-Plex-Token=F4q7-RsxQ2Gj1_VDgBoL "HTTP/1.1 200 OK"
2026-01-10 00:28:59,651 - httpx        - INFO     - HTTP Request: GET https://86-204-236-221.461ba8fd9bca42c4b2c637e43e7617e4.plex.direct:32424/library/metadata/87878/thumb/1765017814?X-Plex-Token=F4q7-RsxQ2Gj1_VDgBoL "HTTP/1.1 200 OK"
2026-01-10 00:28:59,654 - httpx        - INFO     - HTTP Request: GET https://86-204-236-221.461ba8fd9bca42c4b2c637e43e7617e4.plex.direct:32424/library/metadata/53341/thumb/1767582163?X-Plex-Token=F4q7-RsxQ2Gj1_VDgBoL "HTTP/1.1 200 OK"
2026-01-10 00:28:59,655 - httpx        - INFO     - HTTP Request: GET https://86-204-236-221.461ba8fd9bca42c4b2c637e43e7617e4.plex.direct:32424/library/metadata/52808/thumb/1767929128?X-Plex-Token=F4q7-RsxQ2Gj1_VDgBoL "HTTP/1.1 200 OK"
2026-01-10 00:28:59,657 - httpx        - INFO     - HTTP Request: GET https://86-204-236-221.461ba8fd9bca42c4b2c637e43e7617e4.plex.direct:32424/library/metadata/4803/thumb/1767062848?X-Plex-Token=F4q7-RsxQ2Gj1_VDgBoL "HTTP/1.1 200 OK"
2026-01-10 00:28:59,826 - httpx        - INFO     - HTTP Request: GET https://86-204-236-221.461ba8fd9bca42c4b2c637e43e7617e4.plex.direct:32424/library/metadata/4546/thumb/1766975933?X-Plex-Token=F4q7-RsxQ2Gj1_VDgBoL "HTTP/1.1 200 OK"
2026-01-10 00:28:59,918 - httpx        - INFO     - HTTP Request: GET https://86-204-236-221.461ba8fd9bca42c4b2c637e43e7617e4.plex.direct:32424/library/metadata/5152/thumb/1767321869?X-Plex-Token=F4q7-RsxQ2Gj1_VDgBoL "HTTP/1.1 200 OK"
2026-01-10 00:29:00,108 - httpx        - INFO     - HTTP Request: GET https://86-204-236-221.461ba8fd9bca42c4b2c637e43e7617e4.plex.direct:32424/library/metadata/4354/thumb/1766888269?X-Plex-Token=F4q7-RsxQ2Gj1_VDgBoL "HTTP/1.1 200 OK"
2026-01-10 00:29:00,192 - httpx        - INFO     - HTTP Request: GET https://86-204-236-221.461ba8fd9bca42c4b2c637e43e7617e4.plex.direct:32424/library/metadata/4106/thumb/1765419057?X-Plex-Token=F4q7-RsxQ2Gj1_VDgBoL "HTTP/1.1 200 OK"
2026-01-10 00:29:00,196 - httpx        - INFO     - HTTP Request: GET https://86-204-236-221.461ba8fd9bca42c4b2c637e43e7617e4.plex.direct:32424/library/metadata/4120/thumb/1765419062?X-Plex-Token=F4q7-RsxQ2Gj1_VDgBoL "HTTP/1.1 200 OK"
2026-01-10 00:29:00,198 - httpx        - INFO     - HTTP Request: GET https://86-204-236-221.461ba8fd9bca42c4b2c637e43e7617e4.plex.direct:32424/library/metadata/4048/thumb/1765419052?X-Plex-Token=F4q7-RsxQ2Gj1_VDgBoL "HTTP/1.1 200 OK"
2026-01-10 00:29:00,199 - httpx        - INFO     - HTTP Request: GET https://86-204-236-221.461ba8fd9bca42c4b2c637e43e7617e4.plex.direct:32424/library/metadata/54261/thumb/1767931609?X-Plex-Token=F4q7-RsxQ2Gj1_VDgBoL "HTTP/1.1 200 OK"
2026-01-10 00:29:00,530 - httpx        - INFO     - HTTP Request: GET https://86-204-236-221.461ba8fd9bca42c4b2c637e43e7617e4.plex.direct:32424/library/metadata/4468/thumb/1766975920?X-Plex-Token=F4q7-RsxQ2Gj1_VDgBoL "HTTP/1.1 200 OK"
2026-01-10 00:29:00,562 - httpx        - INFO     - HTTP Request: GET https://86-204-236-221.461ba8fd9bca42c4b2c637e43e7617e4.plex.direct:32424/library/metadata/64373/thumb/1765341276?X-Plex-Token=F4q7-RsxQ2Gj1_VDgBoL "HTTP/1.1 200 OK"
2026-01-10 00:29:00,631 - httpx        - INFO     - HTTP Request: GET https://86-204-236-221.461ba8fd9bca42c4b2c637e43e7617e4.plex.direct:32424/library/metadata/6299/thumb/1767924940?X-Plex-Token=F4q7-RsxQ2Gj1_VDgBoL "HTTP/1.1 200 OK"
2026-01-10 00:29:00,899 - httpx        - INFO     - HTTP Request: GET https://86-204-236-221.461ba8fd9bca42c4b2c637e43e7617e4.plex.direct:32424/library/metadata/5007/thumb/1767321845?X-Plex-Token=F4q7-RsxQ2Gj1_VDgBoL "HTTP/1.1 200 OK"
2026-01-10 00:29:01,403 - httpx        - INFO     - HTTP Request: GET https://86-204-236-221.461ba8fd9bca42c4b2c637e43e7617e4.plex.direct:32424/library/metadata/4533/thumb/1766975932?X-Plex-Token=F4q7-RsxQ2Gj1_VDgBoL "HTTP/1.1 200 OK"
2026-01-10 00:29:01,498 - httpx        - INFO     - HTTP Request: GET https://86-204-236-221.461ba8fd9bca42c4b2c637e43e7617e4.plex.direct:32424/library/metadata/4304/thumb/1737116363?X-Plex-Token=F4q7-RsxQ2Gj1_VDgBoL "HTTP/1.1 200 OK"
2026-01-10 00:29:01,679 - httpx        - INFO     - HTTP Request: GET https://86-204-236-221.461ba8fd9bca42c4b2c637e43e7617e4.plex.direct:32424/library/metadata/4532/thumb/1766975931?X-Plex-Token=F4q7-RsxQ2Gj1_VDgBoL "HTTP/1.1 200 OK"
2026-01-10 00:29:01,868 - httpx        - INFO     - HTTP Request: GET https://86-204-236-221.461ba8fd9bca42c4b2c637e43e7617e4.plex.direct:32424/library/metadata/64362/thumb/1765341274?X-Plex-Token=F4q7-RsxQ2Gj1_VDgBoL "HTTP/1.1 200 OK"
2026-01-10 00:29:02,783 - httpx        - INFO     - HTTP Request: GET https://86-204-236-221.461ba8fd9bca42c4b2c637e43e7617e4.plex.direct:32424/library/metadata/58933/thumb/1763700845?X-Plex-Token=F4q7-RsxQ2Gj1_VDgBoL "HTTP/1.1 200 OK"
2026-01-10 00:29:02,817 - httpx        - INFO     - HTTP Request: GET https://86-204-236-221.461ba8fd9bca42c4b2c637e43e7617e4.plex.direct:32424/library/metadata/70593/thumb/1767493923?X-Plex-Token=F4q7-RsxQ2Gj1_VDgBoL "HTTP/1.1 200 OK"
2026-01-10 00:29:02,941 - httpx        - INFO     - HTTP Request: GET https://86-204-236-221.461ba8fd9bca42c4b2c637e43e7617e4.plex.direct:32424/library/metadata/3562/thumb/1765341238?X-Plex-Token=F4q7-RsxQ2Gj1_VDgBoL "HTTP/1.1 200 OK"
2026-01-10 00:29:03,115 - httpx        - INFO     - HTTP Request: GET https://86-204-236-221.461ba8fd9bca42c4b2c637e43e7617e4.plex.direct:32424/library/metadata/4983/thumb/1767238164?X-Plex-Token=F4q7-RsxQ2Gj1_VDgBoL "HTTP/1.1 200 OK"
2026-01-10 00:29:03,300 - httpx        - INFO     - HTTP Request: GET https://86-204-236-221.461ba8fd9bca42c4b2c637e43e7617e4.plex.direct:32424/library/metadata/5426/thumb/1755837623?X-Plex-Token=F4q7-RsxQ2Gj1_VDgBoL "HTTP/1.1 200 OK"
2026-01-10 00:29:03,713 - httpx        - INFO     - HTTP Request: GET https://86-204-236-221.461ba8fd9bca42c4b2c637e43e7617e4.plex.direct:32424/library/metadata/4103/thumb/1765419056?X-Plex-Token=F4q7-RsxQ2Gj1_VDgBoL "HTTP/1.1 200 OK"
2026-01-10 00:29:03,857 - httpx        - INFO     - HTTP Request: GET https://86-204-236-221.461ba8fd9bca42c4b2c637e43e7617e4.plex.direct:32424/library/metadata/4980/thumb/1767934494?X-Plex-Token=F4q7-RsxQ2Gj1_VDgBoL "HTTP/1.1 200 OK"
2026-01-10 00:29:04,241 - httpx        - INFO     - HTTP Request: GET https://86-204-236-221.461ba8fd9bca42c4b2c637e43e7617e4.plex.direct:32424/library/metadata/53134/thumb/1767581693?X-Plex-Token=F4q7-RsxQ2Gj1_VDgBoL "HTTP/1.1 200 OK"
2026-01-10 00:29:04,341 - httpx        - INFO     - HTTP Request: GET https://86-204-236-221.461ba8fd9bca42c4b2c637e43e7617e4.plex.direct:32424/library/metadata/4978/thumb/1767238162?X-Plex-Token=F4q7-RsxQ2Gj1_VDgBoL "HTTP/1.1 200 OK"
2026-01-10 00:29:04,343 - httpx        - INFO     - HTTP Request: GET https://86-204-236-221.461ba8fd9bca42c4b2c637e43e7617e4.plex.direct:32424/library/metadata/4081/thumb/1737116339?X-Plex-Token=F4q7-RsxQ2Gj1_VDgBoL "HTTP/1.1 200 OK"
2026-01-10 00:29:04,411 - httpx        - INFO     - HTTP Request: GET https://86-204-236-221.461ba8fd9bca42c4b2c637e43e7617e4.plex.direct:32424/library/metadata/4977/thumb/1767238162?X-Plex-Token=F4q7-RsxQ2Gj1_VDgBoL "HTTP/1.1 200 OK"
2026-01-10 00:29:04,465 - httpx        - INFO     - HTTP Request: GET https://86-204-236-221.461ba8fd9bca42c4b2c637e43e7617e4.plex.direct:32424/library/metadata/6624/thumb/1765941727?X-Plex-Token=F4q7-RsxQ2Gj1_VDgBoL "HTTP/1.1 200 OK"
2026-01-10 00:29:04,490 - httpx        - INFO     - HTTP Request: GET https://86-204-236-221.461ba8fd9bca42c4b2c637e43e7617e4.plex.direct:32424/library/metadata/71862/thumb/1765511999?X-Plex-Token=F4q7-RsxQ2Gj1_VDgBoL "HTTP/1.1 200 OK"
2026-01-10 00:29:04,512 - httpx        - INFO     - HTTP Request: GET https://86-204-236-221.461ba8fd9bca42c4b2c637e43e7617e4.plex.direct:32424/library/metadata/4079/thumb/1765419055?X-Plex-Token=F4q7-RsxQ2Gj1_VDgBoL "HTTP/1.1 200 OK"
2026-01-10 00:29:04,872 - httpx        - INFO     - HTTP Request: GET https://86-204-236-221.461ba8fd9bca42c4b2c637e43e7617e4.plex.direct:32424/library/metadata/52399/thumb/1767414241?X-Plex-Token=F4q7-RsxQ2Gj1_VDgBoL "HTTP/1.1 200 OK"
2026-01-10 00:29:04,873 - httpx        - INFO     - HTTP Request: GET https://86-204-236-221.461ba8fd9bca42c4b2c637e43e7617e4.plex.direct:32424/library/metadata/4530/thumb/1766975930?X-Plex-Token=F4q7-RsxQ2Gj1_VDgBoL "HTTP/1.1 200 OK"
2026-01-10 00:29:05,125 - httpx        - INFO     - HTTP Request: GET https://86-204-236-221.461ba8fd9bca42c4b2c637e43e7617e4.plex.direct:32424/library/metadata/4756/thumb/1767926062?X-Plex-Token=F4q7-RsxQ2Gj1_VDgBoL "HTTP/1.1 200 OK"
2026-01-10 00:29:05,181 - httpx        - INFO     - HTTP Request: GET https://86-204-236-221.461ba8fd9bca42c4b2c637e43e7617e4.plex.direct:32424/library/metadata/4528/thumb/1766975929?X-Plex-Token=F4q7-RsxQ2Gj1_VDgBoL "HTTP/1.1 200 OK"
2026-01-10 00:29:05,221 - httpx        - INFO     - HTTP Request: GET https://86-204-236-221.461ba8fd9bca42c4b2c637e43e7617e4.plex.direct:32424/library/metadata/61700/thumb/1767321896?X-Plex-Token=F4q7-RsxQ2Gj1_VDgBoL "HTTP/1.1 200 OK"
2026-01-10 00:29:05,517 - httpx        - INFO     - HTTP Request: GET https://86-204-236-221.461ba8fd9bca42c4b2c637e43e7617e4.plex.direct:32424/library/metadata/54175/thumb/1767931378?X-Plex-Token=F4q7-RsxQ2Gj1_VDgBoL "HTTP/1.1 200 OK"
2026-01-10 00:29:05,561 - httpx        - INFO     - HTTP Request: GET https://86-204-236-221.461ba8fd9bca42c4b2c637e43e7617e4.plex.direct:32424/library/metadata/53222/thumb/1767582003?X-Plex-Token=F4q7-RsxQ2Gj1_VDgBoL "HTTP/1.1 200 OK"
2026-01-10 00:29:05,855 - httpx        - INFO     - HTTP Request: GET https://86-204-236-221.461ba8fd9bca42c4b2c637e43e7617e4.plex.direct:32424/library/metadata/4972/thumb/1767238160?X-Plex-Token=F4q7-RsxQ2Gj1_VDgBoL "HTTP/1.1 200 OK"
2026-01-10 00:29:06,034 - httpx        - INFO     - HTTP Request: GET https://86-204-236-221.461ba8fd9bca42c4b2c637e43e7617e4.plex.direct:32424/library/metadata/76156/thumb/1766717357?X-Plex-Token=F4q7-RsxQ2Gj1_VDgBoL "HTTP/1.1 200 OK"
2026-01-10 00:29:06,219 - httpx        - INFO     - HTTP Request: GET https://86-204-236-221.461ba8fd9bca42c4b2c637e43e7617e4.plex.direct:32424/library/metadata/4522/thumb/1767924288?X-Plex-Token=F4q7-RsxQ2Gj1_VDgBoL "HTTP/1.1 200 OK"
2026-01-10 00:29:06,980 - PlexClient   - INFO     -    📖 Scan Section 'Séries TV' (show) sur TACOS...
2026-01-10 00:29:07,206 - httpx        - INFO     - HTTP Request: GET https://86-204-236-221.461ba8fd9bca42c4b2c637e43e7617e4.plex.direct:32424/library/metadata/3836/thumb/1765419010?X-Plex-Token=F4q7-RsxQ2Gj1_VDgBoL "HTTP/1.1 200 OK"
2026-01-10 00:29:07,301 - httpx        - INFO     - HTTP Request: GET https://86-204-236-221.461ba8fd9bca42c4b2c637e43e7617e4.plex.direct:32424/library/metadata/6281/thumb/1765857359?X-Plex-Token=F4q7-RsxQ2Gj1_VDgBoL "HTTP/1.1 200 OK"
2026-01-10 00:29:07,444 - httpx        - INFO     - HTTP Request: GET https://86-204-236-221.461ba8fd9bca42c4b2c637e43e7617e4.plex.direct:32424/library/metadata/52793/thumb/1767493899?X-Plex-Token=F4q7-RsxQ2Gj1_VDgBoL "HTTP/1.1 200 OK"
2026-01-10 00:29:07,834 - httpx        - INFO     - HTTP Request: GET https://86-204-236-221.461ba8fd9bca42c4b2c637e43e7617e4.plex.direct:32424/library/metadata/3883/thumb/1765419022?X-Plex-Token=F4q7-RsxQ2Gj1_VDgBoL "HTTP/1.1 200 OK"
2026-01-10 00:29:07,915 - httpx        - INFO     - HTTP Request: GET https://86-204-236-221.461ba8fd9bca42c4b2c637e43e7617e4.plex.direct:32424/library/metadata/4469/thumb/1767924797?X-Plex-Token=F4q7-RsxQ2Gj1_VDgBoL "HTTP/1.1 200 OK"
2026-01-10 00:29:08,036 - httpx        - INFO     - HTTP Request: GET https://86-204-236-221.461ba8fd9bca42c4b2c637e43e7617e4.plex.direct:32424/library/metadata/53982/thumb/1767751745?X-Plex-Token=F4q7-RsxQ2Gj1_VDgBoL "HTTP/1.1 200 OK"
2026-01-10 00:29:08,129 - httpx        - INFO     - HTTP Request: GET https://86-204-236-221.461ba8fd9bca42c4b2c637e43e7617e4.plex.direct:32424/library/metadata/4042/thumb/1765419051?X-Plex-Token=F4q7-RsxQ2Gj1_VDgBoL "HTTP/1.1 200 OK"
2026-01-10 00:29:08,426 - httpx        - INFO     - HTTP Request: GET https://86-204-236-221.461ba8fd9bca42c4b2c637e43e7617e4.plex.direct:32424/library/metadata/53595/thumb/1767669494?X-Plex-Token=F4q7-RsxQ2Gj1_VDgBoL "HTTP/1.1 200 OK"
2026-01-10 00:29:08,995 - httpx        - INFO     - HTTP Request: GET https://86-204-236-221.461ba8fd9bca42c4b2c637e43e7617e4.plex.direct:32424/library/metadata/4892/thumb/1767151671?X-Plex-Token=F4q7-RsxQ2Gj1_VDgBoL "HTTP/1.1 200 OK"
2026-01-10 00:29:09,191 - httpx        - INFO     - HTTP Request: GET https://86-204-236-221.461ba8fd9bca42c4b2c637e43e7617e4.plex.direct:32424/library/metadata/4480/thumb/1737116399?X-Plex-Token=F4q7-RsxQ2Gj1_VDgBoL "HTTP/1.1 200 OK"
2026-01-10 00:29:09,257 - PlexClient   - INFO     -    └── 1046 éléments trouvés dans 'Séries TV'
2026-01-10 00:29:09,454 - httpx        - INFO     - HTTP Request: GET https://86-204-236-221.461ba8fd9bca42c4b2c637e43e7617e4.plex.direct:32424/library/metadata/88773/thumb/1765329698?X-Plex-Token=F4q7-RsxQ2Gj1_VDgBoL "HTTP/1.1 200 OK"
2026-01-10 00:29:09,704 - httpx        - INFO     - HTTP Request: GET https://86-204-236-221.461ba8fd9bca42c4b2c637e43e7617e4.plex.direct:32424/library/metadata/70548/thumb/1766975971?X-Plex-Token=F4q7-RsxQ2Gj1_VDgBoL "HTTP/1.1 200 OK"
2026-01-10 00:29:10,641 - httpx        - INFO     - HTTP Request: GET https://86-204-236-221.461ba8fd9bca42c4b2c637e43e7617e4.plex.direct:32424/library/metadata/6523/thumb/1765857388?X-Plex-Token=F4q7-RsxQ2Gj1_VDgBoL "HTTP/1.1 200 OK"
2026-01-10 00:29:10,995 - httpx        - INFO     - HTTP Request: GET https://86-204-236-221.461ba8fd9bca42c4b2c637e43e7617e4.plex.direct:32424/library/metadata/4771/thumb/1767926872?X-Plex-Token=F4q7-RsxQ2Gj1_VDgBoL "HTTP/1.1 200 OK"
2026-01-10 00:29:11,674 - httpx        - INFO     - HTTP Request: GET https://86-204-236-221.461ba8fd9bca42c4b2c637e43e7617e4.plex.direct:32424/library/metadata/59866/thumb/1765767543?X-Plex-Token=F4q7-RsxQ2Gj1_VDgBoL "HTTP/1.1 200 OK"
2026-01-10 00:29:11,873 - httpx        - INFO     - HTTP Request: GET https://86-204-236-221.461ba8fd9bca42c4b2c637e43e7617e4.plex.direct:32424/library/metadata/87672/thumb/1764458890?X-Plex-Token=F4q7-RsxQ2Gj1_VDgBoL "HTTP/1.1 200 OK"
2026-01-10 00:29:11,889 - httpx        - INFO     - HTTP Request: GET https://86-204-236-221.461ba8fd9bca42c4b2c637e43e7617e4.plex.direct:32424/library/metadata/77478/thumb/1767414281?X-Plex-Token=F4q7-RsxQ2Gj1_VDgBoL "HTTP/1.1 200 OK"
2026-01-10 00:29:12,181 - httpx        - INFO     - HTTP Request: GET https://86-204-236-221.461ba8fd9bca42c4b2c637e43e7617e4.plex.direct:32424/library/metadata/4783/thumb/1767062846?X-Plex-Token=F4q7-RsxQ2Gj1_VDgBoL "HTTP/1.1 200 OK"
2026-01-10 00:29:12,453 - httpx        - INFO     - HTTP Request: GET https://86-204-236-221.461ba8fd9bca42c4b2c637e43e7617e4.plex.direct:32424/library/metadata/3588/thumb/1765341238?X-Plex-Token=F4q7-RsxQ2Gj1_VDgBoL "HTTP/1.1 200 OK"
2026-01-10 00:29:12,975 - httpx        - INFO     - HTTP Request: GET https://86-204-236-221.461ba8fd9bca42c4b2c637e43e7617e4.plex.direct:32424/library/metadata/4195/thumb/1765511952?X-Plex-Token=F4q7-RsxQ2Gj1_VDgBoL "HTTP/1.1 200 OK"
2026-01-10 00:29:13,009 - httpx        - INFO     - HTTP Request: GET https://86-204-236-221.461ba8fd9bca42c4b2c637e43e7617e4.plex.direct:32424/library/metadata/54277/thumb/1767931993?X-Plex-Token=F4q7-RsxQ2Gj1_VDgBoL "HTTP/1.1 200 OK"
2026-01-10 00:29:13,063 - httpx        - INFO     - HTTP Request: GET https://86-204-236-221.461ba8fd9bca42c4b2c637e43e7617e4.plex.direct:32424/library/metadata/54712/thumb/1763006713?X-Plex-Token=F4q7-RsxQ2Gj1_VDgBoL "HTTP/1.1 200 OK"
2026-01-10 00:29:13,191 - httpx        - INFO     - HTTP Request: GET https://86-204-236-221.461ba8fd9bca42c4b2c637e43e7617e4.plex.direct:32424/library/metadata/58976/thumb/1763781938?X-Plex-Token=F4q7-RsxQ2Gj1_VDgBoL "HTTP/1.1 200 OK"
2026-01-10 00:29:13,193 - httpx        - INFO     - HTTP Request: GET https://86-204-236-221.461ba8fd9bca42c4b2c637e43e7617e4.plex.direct:32424/library/metadata/73464/thumb/1764216366?X-Plex-Token=F4q7-RsxQ2Gj1_VDgBoL "HTTP/1.1 200 OK"
2026-01-10 00:29:13,491 - httpx        - INFO     - HTTP Request: GET https://82-67-58-20.6a9670ab322c4c97b36d3f5396ddec38.plex.direct:32400/library/metadata/10441/thumb/1765910560?X-Plex-Token=k2JQQ86PVsdcwHeYbjyD "HTTP/1.1 200 OK"
2026-01-10 00:29:13,706 - httpx        - INFO     - HTTP Request: GET https://82-67-58-20.6a9670ab322c4c97b36d3f5396ddec38.plex.direct:32400/library/metadata/9989/thumb/1765910526?X-Plex-Token=k2JQQ86PVsdcwHeYbjyD "HTTP/1.1 200 OK"
2026-01-10 00:29:13,770 - httpx        - INFO     - HTTP Request: GET https://82-67-58-20.6a9670ab322c4c97b36d3f5396ddec38.plex.direct:32400/library/metadata/10738/thumb/1765910573?X-Plex-Token=k2JQQ86PVsdcwHeYbjyD "HTTP/1.1 200 OK"
2026-01-10 00:29:13,771 - httpx        - INFO     - HTTP Request: GET https://82-67-58-20.6a9670ab322c4c97b36d3f5396ddec38.plex.direct:32400/library/metadata/9731/thumb/1765910514?X-Plex-Token=k2JQQ86PVsdcwHeYbjyD "HTTP/1.1 200 OK"
2026-01-10 00:29:13,773 - httpx        - INFO     - HTTP Request: GET https://82-67-58-20.6a9670ab322c4c97b36d3f5396ddec38.plex.direct:32400/library/metadata/9632/thumb/1765910508?X-Plex-Token=k2JQQ86PVsdcwHeYbjyD "HTTP/1.1 200 OK"
2026-01-10 00:29:13,908 - httpx        - INFO     - HTTP Request: GET https://82-67-58-20.6a9670ab322c4c97b36d3f5396ddec38.plex.direct:32400/library/metadata/10280/thumb/1765910543?X-Plex-Token=k2JQQ86PVsdcwHeYbjyD "HTTP/1.1 200 OK"
2026-01-10 00:29:14,589 - httpx        - INFO     - HTTP Request: GET https://82-67-58-20.6a9670ab322c4c97b36d3f5396ddec38.plex.direct:32400/library/metadata/9510/thumb/1765910504?X-Plex-Token=k2JQQ86PVsdcwHeYbjyD "HTTP/1.1 200 OK"
2026-01-10 00:29:14,721 - httpx        - INFO     - HTTP Request: GET https://82-67-58-20.6a9670ab322c4c97b36d3f5396ddec38.plex.direct:32400/library/metadata/10442/thumb/1765910560?X-Plex-Token=k2JQQ86PVsdcwHeYbjyD "HTTP/1.1 200 OK"
2026-01-10 00:29:15,338 - httpx        - INFO     - HTTP Request: GET https://82-67-58-20.6a9670ab322c4c97b36d3f5396ddec38.plex.direct:32400/library/metadata/9178/thumb/1765910490?X-Plex-Token=k2JQQ86PVsdcwHeYbjyD "HTTP/1.1 200 OK"
2026-01-10 00:29:15,340 - httpx        - INFO     - HTTP Request: GET https://82-67-58-20.6a9670ab322c4c97b36d3f5396ddec38.plex.direct:32400/library/metadata/10259/thumb/1765910541?X-Plex-Token=k2JQQ86PVsdcwHeYbjyD "HTTP/1.1 200 OK"
2026-01-10 00:29:15,342 - httpx        - INFO     - HTTP Request: GET https://82-67-58-20.6a9670ab322c4c97b36d3f5396ddec38.plex.direct:32400/library/metadata/9195/thumb/1765910491?X-Plex-Token=k2JQQ86PVsdcwHeYbjyD "HTTP/1.1 200 OK"
2026-01-10 00:29:15,343 - httpx        - INFO     - HTTP Request: GET https://82-67-58-20.6a9670ab322c4c97b36d3f5396ddec38.plex.direct:32400/library/metadata/10445/thumb/1765910560?X-Plex-Token=k2JQQ86PVsdcwHeYbjyD "HTTP/1.1 200 OK"
2026-01-10 00:29:15,470 - httpx        - INFO     - HTTP Request: GET https://82-67-58-20.6a9670ab322c4c97b36d3f5396ddec38.plex.direct:32400/library/metadata/10432/thumb/1765910557?X-Plex-Token=k2JQQ86PVsdcwHeYbjyD "HTTP/1.1 200 OK"
2026-01-10 00:29:15,539 - httpx        - INFO     - HTTP Request: GET https://82-67-58-20.6a9670ab322c4c97b36d3f5396ddec38.plex.direct:32400/library/metadata/11682/thumb/1765910639?X-Plex-Token=k2JQQ86PVsdcwHeYbjyD "HTTP/1.1 200 OK"
2026-01-10 00:29:15,541 - httpx        - INFO     - HTTP Request: GET https://82-67-58-20.6a9670ab322c4c97b36d3f5396ddec38.plex.direct:32400/library/metadata/10438/thumb/1765910560?X-Plex-Token=k2JQQ86PVsdcwHeYbjyD "HTTP/1.1 200 OK"
2026-01-10 00:29:15,743 - httpx        - INFO     - HTTP Request: GET https://82-67-58-20.6a9670ab322c4c97b36d3f5396ddec38.plex.direct:32400/library/metadata/10264/thumb/1765910541?X-Plex-Token=k2JQQ86PVsdcwHeYbjyD "HTTP/1.1 200 OK"
2026-01-10 00:29:15,809 - httpx        - INFO     - HTTP Request: GET https://82-67-58-20.6a9670ab322c4c97b36d3f5396ddec38.plex.direct:32400/library/metadata/10265/thumb/1765910542?X-Plex-Token=k2JQQ86PVsdcwHeYbjyD "HTTP/1.1 200 OK"
2026-01-10 00:29:15,944 - httpx        - INFO     - HTTP Request: GET https://192-168-0-175.73d044407d6741c8a17d97a88c22846e.plex.direct:32400/library/metadata/49028/thumb/1767913716?X-Plex-Token=HIDDEN_TOKEN "HTTP/1.1 200 OK"
2026-01-10 00:29:16,014 - PlexClient   - INFO     - ✅ [Scan] PlexStation Terminé en 1076.53ms - Total: 2161 médias ajoutés.
2026-01-10 00:29:16,104 - httpx        - INFO     - HTTP Request: GET https://82-67-58-20.6a9670ab322c4c97b36d3f5396ddec38.plex.direct:32400/library/metadata/10443/thumb/1765910560?X-Plex-Token=k2JQQ86PVsdcwHeYbjyD "HTTP/1.1 200 OK"
2026-01-10 00:29:16,166 - httpx        - INFO     - HTTP Request: GET https://192-168-0-175.73d044407d6741c8a17d97a88c22846e.plex.direct:32400/library/metadata/45420/thumb/1767913451?X-Plex-Token=HIDDEN_TOKEN "HTTP/1.1 200 OK"
2026-01-10 00:29:16,191 - httpx        - INFO     - HTTP Request: GET https://192-168-0-175.73d044407d6741c8a17d97a88c22846e.plex.direct:32400/library/metadata/39968/thumb/1767912839?X-Plex-Token=HIDDEN_TOKEN "HTTP/1.1 200 OK"
2026-01-10 00:29:16,609 - httpx        - INFO     - HTTP Request: GET https://192-168-0-175.73d044407d6741c8a17d97a88c22846e.plex.direct:32400/library/metadata/47202/thumb/1767913642?X-Plex-Token=HIDDEN_TOKEN "HTTP/1.1 200 OK"
2026-01-10 00:29:16,644 - httpx        - INFO     - HTTP Request: GET https://192-168-0-175.73d044407d6741c8a17d97a88c22846e.plex.direct:32400/library/metadata/49559/thumb/1767913661?X-Plex-Token=HIDDEN_TOKEN "HTTP/1.1 200 OK"
2026-01-10 00:29:16,664 - httpx        - INFO     - HTTP Request: GET https://192-168-0-175.73d044407d6741c8a17d97a88c22846e.plex.direct:32400/library/metadata/66869/thumb/1767913818?X-Plex-Token=HIDDEN_TOKEN "HTTP/1.1 200 OK"
2026-01-10 00:29:16,781 - httpx        - INFO     - HTTP Request: GET https://86-204-236-221.461ba8fd9bca42c4b2c637e43e7617e4.plex.direct:32424/library/metadata/54915/thumb/1763182000?X-Plex-Token=F4q7-RsxQ2Gj1_VDgBoL "HTTP/1.1 200 OK"
2026-01-10 00:29:16,813 - httpx        - INFO     - HTTP Request: GET https://86-204-236-221.461ba8fd9bca42c4b2c637e43e7617e4.plex.direct:32424/library/metadata/82900/thumb/1766463680?X-Plex-Token=F4q7-RsxQ2Gj1_VDgBoL "HTTP/1.1 200 OK"
2026-01-10 00:29:16,875 - httpx        - INFO     - HTTP Request: GET https://192-168-0-175.73d044407d6741c8a17d97a88c22846e.plex.direct:32400/library/metadata/38129/thumb/1767912645?X-Plex-Token=HIDDEN_TOKEN "HTTP/1.1 200 OK"
2026-01-10 00:29:16,877 - httpx        - INFO     - HTTP Request: GET https://86-204-236-221.461ba8fd9bca42c4b2c637e43e7617e4.plex.direct:32424/library/metadata/8727/thumb/1766636160?X-Plex-Token=F4q7-RsxQ2Gj1_VDgBoL "HTTP/1.1 200 OK"
2026-01-10 00:29:16,915 - httpx        - INFO     - HTTP Request: GET https://192-168-0-175.73d044407d6741c8a17d97a88c22846e.plex.direct:32400/library/metadata/38207/thumb/1767912650?X-Plex-Token=HIDDEN_TOKEN "HTTP/1.1 200 OK"
2026-01-10 00:29:17,281 - httpx        - INFO     - HTTP Request: GET https://176-133-244-243.91d13084fe41461a9d6229d7dc089b21.plex.direct:10453/library/metadata/8374/thumb/1740925539?X-Plex-Token=CUrGTzDHws-4e36wkyAW "HTTP/1.1 200 OK"
2026-01-10 00:29:17,572 - httpx        - INFO     - HTTP Request: GET https://192-168-0-175.73d044407d6741c8a17d97a88c22846e.plex.direct:32400/library/metadata/38524/thumb/1767912685?X-Plex-Token=HIDDEN_TOKEN "HTTP/1.1 200 OK"
2026-01-10 00:29:18,131 - httpx        - INFO     - HTTP Request: GET https://176-133-244-243.91d13084fe41461a9d6229d7dc089b21.plex.direct:10453/library/metadata/8424/thumb/1741843804?X-Plex-Token=CUrGTzDHws-4e36wkyAW "HTTP/1.1 200 OK"
2026-01-10 00:29:18,689 - httpx        - INFO     - HTTP Request: GET https://176-133-244-243.91d13084fe41461a9d6229d7dc089b21.plex.direct:10453/library/metadata/8436/thumb/1740925561?X-Plex-Token=CUrGTzDHws-4e36wkyAW "HTTP/1.1 200 OK"
2026-01-10 00:29:18,690 - httpx        - INFO     - HTTP Request: GET https://192-168-0-175.73d044407d6741c8a17d97a88c22846e.plex.direct:32400/library/metadata/48150/thumb/1767912810?X-Plex-Token=HIDDEN_TOKEN "HTTP/1.1 200 OK"
2026-01-10 00:29:18,738 - httpx        - INFO     - HTTP Request: GET https://192-168-0-175.73d044407d6741c8a17d97a88c22846e.plex.direct:32400/library/metadata/40388/thumb/1767912869?X-Plex-Token=HIDDEN_TOKEN "HTTP/1.1 200 OK"
2026-01-10 00:29:18,746 - httpx        - INFO     - HTTP Request: GET https://176-133-244-243.91d13084fe41461a9d6229d7dc089b21.plex.direct:10453/library/metadata/8463/thumb/1740925571?X-Plex-Token=CUrGTzDHws-4e36wkyAW "HTTP/1.1 200 OK"
2026-01-10 00:29:18,907 - httpx        - INFO     - HTTP Request: GET https://192-168-0-175.73d044407d6741c8a17d97a88c22846e.plex.direct:32400/library/metadata/48243/thumb/1767912914?X-Plex-Token=HIDDEN_TOKEN "HTTP/1.1 200 OK"
2026-01-10 00:29:19,243 - httpx        - INFO     - HTTP Request: GET https://192-168-0-175.73d044407d6741c8a17d97a88c22846e.plex.direct:32400/library/metadata/48270/thumb/1767912936?X-Plex-Token=HIDDEN_TOKEN "HTTP/1.1 200 OK"
2026-01-10 00:29:19,458 - httpx        - INFO     - HTTP Request: GET https://176-133-244-243.91d13084fe41461a9d6229d7dc089b21.plex.direct:10453/library/metadata/9405/thumb/1767486972?X-Plex-Token=CUrGTzDHws-4e36wkyAW "HTTP/1.1 200 OK"
2026-01-10 00:29:19,756 - httpx        - INFO     - HTTP Request: GET https://192-168-0-175.73d044407d6741c8a17d97a88c22846e.plex.direct:32400/library/metadata/48308/thumb/1767912947?X-Plex-Token=HIDDEN_TOKEN "HTTP/1.1 200 OK"
2026-01-10 00:29:19,789 - httpx        - INFO     - HTTP Request: GET https://176-133-244-243.91d13084fe41461a9d6229d7dc089b21.plex.direct:10453/library/metadata/8498/thumb/1740925582?X-Plex-Token=CUrGTzDHws-4e36wkyAW "HTTP/1.1 200 OK"
2026-01-10 00:29:19,905 - httpx        - INFO     - HTTP Request: GET https://192-168-0-175.73d044407d6741c8a17d97a88c22846e.plex.direct:32400/library/metadata/48472/thumb/1767913030?X-Plex-Token=HIDDEN_TOKEN "HTTP/1.1 200 OK"
2026-01-10 00:29:19,906 - httpx        - INFO     - HTTP Request: GET https://176-133-244-243.91d13084fe41461a9d6229d7dc089b21.plex.direct:10453/library/metadata/8516/thumb/1740925590?X-Plex-Token=CUrGTzDHws-4e36wkyAW "HTTP/1.1 200 OK"
2026-01-10 00:29:20,040 - httpx        - INFO     - HTTP Request: GET https://192-168-0-175.73d044407d6741c8a17d97a88c22846e.plex.direct:32400/library/metadata/41539/thumb/1767913034?X-Plex-Token=HIDDEN_TOKEN "HTTP/1.1 200 OK"
2026-01-10 00:29:20,457 - httpx        - INFO     - HTTP Request: GET https://192-168-0-175.73d044407d6741c8a17d97a88c22846e.plex.direct:32400/library/metadata/42161/thumb/1767913091?X-Plex-Token=HIDDEN_TOKEN "HTTP/1.1 200 OK"
2026-01-10 00:29:20,627 - httpx        - INFO     - HTTP Request: GET https://176-133-244-243.91d13084fe41461a9d6229d7dc089b21.plex.direct:10453/library/metadata/8576/thumb/1740925598?X-Plex-Token=CUrGTzDHws-4e36wkyAW "HTTP/1.1 200 OK"
2026-01-10 00:29:20,629 - httpx        - INFO     - HTTP Request: GET https://192-168-0-175.73d044407d6741c8a17d97a88c22846e.plex.direct:32400/library/metadata/44050/thumb/1767913232?X-Plex-Token=HIDDEN_TOKEN "HTTP/1.1 200 OK"
2026-01-10 00:29:20,713 - httpx        - INFO     - HTTP Request: GET https://192-168-0-175.73d044407d6741c8a17d97a88c22846e.plex.direct:32400/library/metadata/41074/thumb/1767913305?X-Plex-Token=HIDDEN_TOKEN "HTTP/1.1 200 OK"
2026-01-10 00:29:20,806 - httpx        - INFO     - HTTP Request: GET https://176-133-244-243.91d13084fe41461a9d6229d7dc089b21.plex.direct:10453/library/metadata/9231/thumb/1740925708?X-Plex-Token=CUrGTzDHws-4e36wkyAW "HTTP/1.1 200 OK"
2026-01-10 00:29:20,825 - httpx        - INFO     - HTTP Request: GET https://192-168-0-175.73d044407d6741c8a17d97a88c22846e.plex.direct:32400/library/metadata/37634/thumb/1767913432?X-Plex-Token=HIDDEN_TOKEN "HTTP/1.1 200 OK"
2026-01-10 00:29:20,834 - httpx        - INFO     - HTTP Request: GET https://192-168-0-175.73d044407d6741c8a17d97a88c22846e.plex.direct:32400/library/metadata/45050/thumb/1767913405?X-Plex-Token=HIDDEN_TOKEN "HTTP/1.1 200 OK"
2026-01-10 00:29:21,162 - httpx        - INFO     - HTTP Request: GET https://192-168-0-175.73d044407d6741c8a17d97a88c22846e.plex.direct:32400/library/metadata/45307/thumb/1767913436?X-Plex-Token=HIDDEN_TOKEN "HTTP/1.1 200 OK"
2026-01-10 00:29:21,177 - httpx        - INFO     - HTTP Request: GET https://192-168-0-175.73d044407d6741c8a17d97a88c22846e.plex.direct:32400/library/metadata/45708/thumb/1767913483?X-Plex-Token=HIDDEN_TOKEN "HTTP/1.1 200 OK"
2026-01-10 00:29:21,292 - httpx        - INFO     - HTTP Request: GET https://192-168-0-175.73d044407d6741c8a17d97a88c22846e.plex.direct:32400/library/metadata/45709/thumb/1767913484?X-Plex-Token=HIDDEN_TOKEN "HTTP/1.1 200 OK"
2026-01-10 00:29:21,294 - httpx        - INFO     - HTTP Request: GET https://176-133-244-243.91d13084fe41461a9d6229d7dc089b21.plex.direct:10453/library/metadata/8807/thumb/1740925641?X-Plex-Token=CUrGTzDHws-4e36wkyAW "HTTP/1.1 200 OK"
2026-01-10 00:29:21,353 - httpx        - INFO     - HTTP Request: GET https://192-168-0-175.73d044407d6741c8a17d97a88c22846e.plex.direct:32400/library/metadata/48556/thumb/1767913505?X-Plex-Token=HIDDEN_TOKEN "HTTP/1.1 200 OK"
2026-01-10 00:29:21,430 - httpx        - INFO     - HTTP Request: GET https://192-168-0-175.73d044407d6741c8a17d97a88c22846e.plex.direct:32400/library/metadata/46401/thumb/1767913568?X-Plex-Token=HIDDEN_TOKEN "HTTP/1.1 200 OK"
2026-01-10 00:29:21,546 - httpx        - INFO     - HTTP Request: GET https://176-133-244-243.91d13084fe41461a9d6229d7dc089b21.plex.direct:10453/library/metadata/8860/thumb/1740925651?X-Plex-Token=CUrGTzDHws-4e36wkyAW "HTTP/1.1 200 OK"
2026-01-10 00:29:21,607 - httpx        - INFO     - HTTP Request: GET https://176-133-244-243.91d13084fe41461a9d6229d7dc089b21.plex.direct:10453/library/metadata/8980/thumb/1741050092?X-Plex-Token=CUrGTzDHws-4e36wkyAW "HTTP/1.1 200 OK"
2026-01-10 00:29:21,776 - httpx        - INFO     - HTTP Request: GET https://176-133-244-243.91d13084fe41461a9d6229d7dc089b21.plex.direct:10453/library/metadata/8985/thumb/1740925665?X-Plex-Token=CUrGTzDHws-4e36wkyAW "HTTP/1.1 200 OK"
2026-01-10 00:29:21,819 - httpx        - INFO     - HTTP Request: GET https://176-133-244-243.91d13084fe41461a9d6229d7dc089b21.plex.direct:10453/library/metadata/8991/thumb/1740925669?X-Plex-Token=CUrGTzDHws-4e36wkyAW "HTTP/1.1 200 OK"
2026-01-10 00:29:22,748 - httpx        - INFO     - HTTP Request: GET https://192-168-0-175.73d044407d6741c8a17d97a88c22846e.plex.direct:32400/library/metadata/47090/thumb/1767913632?X-Plex-Token=HIDDEN_TOKEN "HTTP/1.1 200 OK"
2026-01-10 00:29:22,892 - httpx        - INFO     - HTTP Request: GET https://192-168-0-175.73d044407d6741c8a17d97a88c22846e.plex.direct:32400/library/metadata/48871/thumb/1767913690?X-Plex-Token=HIDDEN_TOKEN "HTTP/1.1 200 OK"
2026-01-10 00:29:23,177 - httpx        - INFO     - HTTP Request: GET https://176-133-244-243.91d13084fe41461a9d6229d7dc089b21.plex.direct:10453/library/metadata/9136/thumb/1740925690?X-Plex-Token=CUrGTzDHws-4e36wkyAW "HTTP/1.1 200 OK"
2026-01-10 00:29:23,257 - httpx        - INFO     - HTTP Request: GET https://192-168-0-175.73d044407d6741c8a17d97a88c22846e.plex.direct:32400/library/metadata/49929/thumb/1767913810?X-Plex-Token=HIDDEN_TOKEN "HTTP/1.1 200 OK"
2026-01-10 00:29:23,832 - httpx        - INFO     - HTTP Request: GET https://176-140-248-228.aad0f87b9500490bb2f2cec31236ed39.plex.direct:25458/library/metadata/24687/thumb/1765719962?X-Plex-Token=n4GLqxt_jRWzfeD_A8J1 "HTTP/1.1 200 OK"
2026-01-10 00:29:23,882 - httpx        - INFO     - HTTP Request: GET https://192-168-0-175.73d044407d6741c8a17d97a88c22846e.plex.direct:32400/library/metadata/40440/thumb/1767912904?X-Plex-Token=HIDDEN_TOKEN "HTTP/1.1 200 OK"
2026-01-10 00:29:23,897 - httpx        - INFO     - HTTP Request: GET https://192-168-0-175.73d044407d6741c8a17d97a88c22846e.plex.direct:32400/library/metadata/48064/thumb/1767913209?X-Plex-Token=HIDDEN_TOKEN "HTTP/1.1 200 OK"
2026-01-10 00:29:23,933 - httpx        - INFO     - HTTP Request: GET https://192-168-0-175.73d044407d6741c8a17d97a88c22846e.plex.direct:32400/library/metadata/49326/thumb/1767913329?X-Plex-Token=HIDDEN_TOKEN "HTTP/1.1 200 OK"
2026-01-10 00:29:24,017 - httpx        - INFO     - HTTP Request: GET https://176-140-248-228.aad0f87b9500490bb2f2cec31236ed39.plex.direct:25458/library/metadata/36918/thumb/1766225397?X-Plex-Token=n4GLqxt_jRWzfeD_A8J1 "HTTP/1.1 200 OK"
2026-01-10 00:29:24,118 - httpx        - INFO     - HTTP Request: GET https://176-140-248-228.aad0f87b9500490bb2f2cec31236ed39.plex.direct:25458/library/metadata/24429/thumb/1765383225?X-Plex-Token=n4GLqxt_jRWzfeD_A8J1 "HTTP/1.1 200 OK"
2026-01-10 00:29:24,167 - httpx        - INFO     - HTTP Request: GET https://192-168-0-175.73d044407d6741c8a17d97a88c22846e.plex.direct:32400/library/metadata/45898/thumb/1767913498?X-Plex-Token=HIDDEN_TOKEN "HTTP/1.1 200 OK"
2026-01-10 00:29:24,213 - httpx        - INFO     - HTTP Request: GET https://176-140-248-228.aad0f87b9500490bb2f2cec31236ed39.plex.direct:25458/library/metadata/24699/thumb/1766225373?X-Plex-Token=n4GLqxt_jRWzfeD_A8J1 "HTTP/1.1 200 OK"
2026-01-10 00:29:24,320 - httpx        - INFO     - HTTP Request: GET https://192-168-0-175.73d044407d6741c8a17d97a88c22846e.plex.direct:32400/library/metadata/39723/thumb/1767912812?X-Plex-Token=HIDDEN_TOKEN "HTTP/1.1 200 OK"
2026-01-10 00:29:24,369 - httpx        - INFO     - HTTP Request: GET https://176-140-248-228.aad0f87b9500490bb2f2cec31236ed39.plex.direct:25458/library/metadata/24111/thumb/1766062521?X-Plex-Token=n4GLqxt_jRWzfeD_A8J1 "HTTP/1.1 200 OK"
2026-01-10 00:29:24,467 - httpx        - INFO     - HTTP Request: GET https://192-168-0-175.73d044407d6741c8a17d97a88c22846e.plex.direct:32400/library/metadata/40637/thumb/1767912930?X-Plex-Token=HIDDEN_TOKEN "HTTP/1.1 200 OK"
2026-01-10 00:29:24,828 - httpx        - INFO     - HTTP Request: GET https://192-168-0-175.73d044407d6741c8a17d97a88c22846e.plex.direct:32400/library/metadata/40771/thumb/1767912946?X-Plex-Token=HIDDEN_TOKEN "HTTP/1.1 200 OK"
2026-01-10 00:29:25,238 - httpx        - INFO     - HTTP Request: GET https://86-213-92-5.97d0f133e54548debf4c139a02778f4c.plex.direct:32400/library/metadata/21862/thumb/1767843080?X-Plex-Token=xrLVF1svtcRfmTJhSRY5 "HTTP/1.1 200 OK"
2026-01-10 00:29:25,746 - httpx        - INFO     - HTTP Request: GET https://plex.story-gopher.ts.net/library/metadata/107/thumb/1765792857?X-Plex-Token=EzbT8qLLe3FTYp6hrUuA "HTTP/1.1 200 OK"
2026-01-10 00:29:25,971 - httpx        - INFO     - HTTP Request: GET https://86-213-92-5.97d0f133e54548debf4c139a02778f4c.plex.direct:32400/library/metadata/2086/thumb/1767843076?X-Plex-Token=xrLVF1svtcRfmTJhSRY5 "HTTP/1.1 200 OK"
2026-01-10 00:29:26,274 - httpx        - INFO     - HTTP Request: GET https://86-213-92-5.97d0f133e54548debf4c139a02778f4c.plex.direct:32400/library/metadata/12/thumb/1762573326?X-Plex-Token=xrLVF1svtcRfmTJhSRY5 "HTTP/1.1 200 OK"
2026-01-10 00:29:26,328 - httpx        - INFO     - HTTP Request: GET https://86-213-92-5.97d0f133e54548debf4c139a02778f4c.plex.direct:32400/library/metadata/28217/thumb/1767843087?X-Plex-Token=xrLVF1svtcRfmTJhSRY5 "HTTP/1.1 200 OK"
2026-01-10 00:29:26,340 - httpx        - INFO     - HTTP Request: GET https://192-168-0-175.73d044407d6741c8a17d97a88c22846e.plex.direct:32400/library/metadata/37776/thumb/1767912604?X-Plex-Token=HIDDEN_TOKEN "HTTP/1.1 200 OK"
2026-01-10 00:29:26,725 - httpx        - INFO     - HTTP Request: GET https://86-213-92-5.97d0f133e54548debf4c139a02778f4c.plex.direct:32400/library/metadata/22942/thumb/1767843082?X-Plex-Token=xrLVF1svtcRfmTJhSRY5 "HTTP/1.1 200 OK"
2026-01-10 00:29:27,863 - httpx        - INFO     - HTTP Request: GET https://86-213-92-5.97d0f133e54548debf4c139a02778f4c.plex.direct:32400/library/metadata/29167/thumb/1767843087?X-Plex-Token=xrLVF1svtcRfmTJhSRY5 "HTTP/1.1 200 OK"
2026-01-10 00:29:27,990 - httpx        - INFO     - HTTP Request: GET https://86-213-92-5.97d0f133e54548debf4c139a02778f4c.plex.direct:32400/library/metadata/731/thumb/1767843071?X-Plex-Token=xrLVF1svtcRfmTJhSRY5 "HTTP/1.1 200 OK"
2026-01-10 00:29:28,379 - httpx        - INFO     - HTTP Request: GET https://86-213-92-5.97d0f133e54548debf4c139a02778f4c.plex.direct:32400/library/metadata/33773/thumb/1767156807?X-Plex-Token=xrLVF1svtcRfmTJhSRY5 "HTTP/1.1 200 OK"
2026-01-10 00:29:28,559 - httpx        - INFO     - HTTP Request: GET https://86-213-92-5.97d0f133e54548debf4c139a02778f4c.plex.direct:32400/library/metadata/31724/thumb/1765512164?X-Plex-Token=xrLVF1svtcRfmTJhSRY5 "HTTP/1.1 200 OK"
2026-01-10 00:29:29,655 - httpx        - INFO     - HTTP Request: GET https://86-213-92-5.97d0f133e54548debf4c139a02778f4c.plex.direct:32400/library/metadata/737/thumb/1767843071?X-Plex-Token=xrLVF1svtcRfmTJhSRY5 "HTTP/1.1 200 OK"
2026-01-10 00:29:31,120 - httpx        - INFO     - HTTP Request: GET https://86-213-92-5.97d0f133e54548debf4c139a02778f4c.plex.direct:32400/library/metadata/1008/thumb/1762745096?X-Plex-Token=xrLVF1svtcRfmTJhSRY5 "HTTP/1.1 200 OK"
2026-01-10 00:29:31,348 - httpx        - INFO     - HTTP Request: GET https://86-213-92-5.97d0f133e54548debf4c139a02778f4c.plex.direct:32400/library/metadata/507/thumb/1762745094?X-Plex-Token=xrLVF1svtcRfmTJhSRY5 "HTTP/1.1 200 OK"
2026-01-10 00:29:31,992 - httpx        - INFO     - HTTP Request: GET https://86-213-92-5.97d0f133e54548debf4c139a02778f4c.plex.direct:32400/library/metadata/5849/thumb/1765429622?X-Plex-Token=xrLVF1svtcRfmTJhSRY5 "HTTP/1.1 200 OK"
2026-01-10 00:29:32,395 - httpx        - INFO     - HTTP Request: GET https://86-213-92-5.97d0f133e54548debf4c139a02778f4c.plex.direct:32400/library/metadata/422/thumb/1765429612?X-Plex-Token=xrLVF1svtcRfmTJhSRY5 "HTTP/1.1 200 OK"
2026-01-10 00:29:32,982 - httpx        - INFO     - HTTP Request: GET https://86-213-92-5.97d0f133e54548debf4c139a02778f4c.plex.direct:32400/library/metadata/23798/thumb/1765512159?X-Plex-Token=xrLVF1svtcRfmTJhSRY5 "HTTP/1.1 200 OK"
2026-01-10 00:29:33,959 - httpx        - INFO     - HTTP Request: GET https://86-213-92-5.97d0f133e54548debf4c139a02778f4c.plex.direct:32400/library/metadata/11268/thumb/1765512155?X-Plex-Token=xrLVF1svtcRfmTJhSRY5 "HTTP/1.1 200 OK"
2026-01-10 00:29:35,070 - httpx        - INFO     - HTTP Request: GET https://192-168-0-175.73d044407d6741c8a17d97a88c22846e.plex.direct:32400/library/metadata/40980/thumb/1767912981?X-Plex-Token=HIDDEN_TOKEN "HTTP/1.1 200 OK"
2026-01-10 00:29:35,156 - httpx        - INFO     - HTTP Request: GET https://86-213-92-5.97d0f133e54548debf4c139a02778f4c.plex.direct:32400/library/metadata/152/thumb/1765512146?X-Plex-Token=xrLVF1svtcRfmTJhSRY5 "HTTP/1.1 200 OK"
2026-01-10 00:29:35,398 - httpx        - INFO     - HTTP Request: GET https://86-213-92-5.97d0f133e54548debf4c139a02778f4c.plex.direct:32400/library/metadata/22096/thumb/1765595842?X-Plex-Token=xrLVF1svtcRfmTJhSRY5 "HTTP/1.1 200 OK"
2026-01-10 00:29:35,467 - httpx        - INFO     - HTTP Request: GET https://86-213-92-5.97d0f133e54548debf4c139a02778f4c.plex.direct:32400/library/metadata/23028/thumb/1765595843?X-Plex-Token=xrLVF1svtcRfmTJhSRY5 "HTTP/1.1 200 OK"
2026-01-10 00:29:36,652 - httpx        - INFO     - HTTP Request: GET https://86-213-92-5.97d0f133e54548debf4c139a02778f4c.plex.direct:32400/library/metadata/23822/thumb/1765595844?X-Plex-Token=xrLVF1svtcRfmTJhSRY5 "HTTP/1.1 200 OK"
2026-01-10 00:29:36,740 - httpx        - INFO     - HTTP Request: GET https://86-213-92-5.97d0f133e54548debf4c139a02778f4c.plex.direct:32400/library/metadata/216/thumb/1765595830?X-Plex-Token=xrLVF1svtcRfmTJhSRY5 "HTTP/1.1 200 OK"
2026-01-10 00:29:37,201 - httpx        - INFO     - HTTP Request: GET https://192-168-0-175.73d044407d6741c8a17d97a88c22846e.plex.direct:32400/library/metadata/42465/thumb/1767913119?X-Plex-Token=HIDDEN_TOKEN "HTTP/1.1 200 OK"
2026-01-10 00:29:37,763 - httpx        - INFO     - HTTP Request: GET https://86-213-92-5.97d0f133e54548debf4c139a02778f4c.plex.direct:32400/library/metadata/23014/thumb/1765595843?X-Plex-Token=xrLVF1svtcRfmTJhSRY5 "HTTP/1.1 200 OK"
2026-01-10 00:29:38,175 - httpx        - INFO     - HTTP Request: GET https://86-213-92-5.97d0f133e54548debf4c139a02778f4c.plex.direct:32400/library/metadata/23707/thumb/1766296067?X-Plex-Token=xrLVF1svtcRfmTJhSRY5 "HTTP/1.1 200 OK"
2026-01-10 00:29:38,331 - httpx        - INFO     - HTTP Request: GET https://86-213-92-5.97d0f133e54548debf4c139a02778f4c.plex.direct:32400/library/metadata/2651/thumb/1765685432?X-Plex-Token=xrLVF1svtcRfmTJhSRY5 "HTTP/1.1 200 OK"
2026-01-10 00:29:38,551 - httpx        - INFO     - HTTP Request: GET https://86-213-92-5.97d0f133e54548debf4c139a02778f4c.plex.direct:32400/library/metadata/816/thumb/1765685426?X-Plex-Token=xrLVF1svtcRfmTJhSRY5 "HTTP/1.1 200 OK"
2026-01-10 00:29:38,665 - httpx        - INFO     - HTTP Request: GET https://192-168-0-175.73d044407d6741c8a17d97a88c22846e.plex.direct:32400/library/metadata/48008/thumb/1767913266?X-Plex-Token=HIDDEN_TOKEN "HTTP/1.1 200 OK"
2026-01-10 00:29:38,974 - httpx        - INFO     - HTTP Request: GET https://192-168-0-175.73d044407d6741c8a17d97a88c22846e.plex.direct:32400/library/metadata/44075/thumb/1767913276?X-Plex-Token=HIDDEN_TOKEN "HTTP/1.1 200 OK"
2026-01-10 00:29:39,430 - httpx        - INFO     - HTTP Request: GET https://192-168-0-175.73d044407d6741c8a17d97a88c22846e.plex.direct:32400/library/metadata/48917/thumb/1767913327?X-Plex-Token=HIDDEN_TOKEN "HTTP/1.1 200 OK"
2026-01-10 00:29:39,454 - httpx        - INFO     - HTTP Request: GET https://192-168-0-175.73d044407d6741c8a17d97a88c22846e.plex.direct:32400/library/metadata/48905/thumb/1767913326?X-Plex-Token=HIDDEN_TOKEN "HTTP/1.1 200 OK"
2026-01-10 00:29:39,549 - httpx        - INFO     - HTTP Request: GET https://86-213-92-5.97d0f133e54548debf4c139a02778f4c.plex.direct:32400/library/metadata/1604/thumb/1765685429?X-Plex-Token=xrLVF1svtcRfmTJhSRY5 "HTTP/1.1 200 OK"
2026-01-10 00:29:40,207 - httpx        - INFO     - HTTP Request: GET https://86-213-92-5.97d0f133e54548debf4c139a02778f4c.plex.direct:32400/library/metadata/23142/thumb/1765763298?X-Plex-Token=xrLVF1svtcRfmTJhSRY5 "HTTP/1.1 200 OK"
2026-01-10 00:29:40,209 - httpx        - INFO     - HTTP Request: GET https://86-213-92-5.97d0f133e54548debf4c139a02778f4c.plex.direct:32400/library/metadata/23659/thumb/1765763299?X-Plex-Token=xrLVF1svtcRfmTJhSRY5 "HTTP/1.1 200 OK"
2026-01-10 00:29:42,144 - httpx        - INFO     - HTTP Request: GET https://86-213-92-5.97d0f133e54548debf4c139a02778f4c.plex.direct:32400/library/metadata/339/thumb/1765763286?X-Plex-Token=xrLVF1svtcRfmTJhSRY5 "HTTP/1.1 200 OK"
2026-01-10 00:29:42,554 - httpx        - INFO     - HTTP Request: GET https://86-213-92-5.97d0f133e54548debf4c139a02778f4c.plex.direct:32400/library/metadata/23706/thumb/1765763299?X-Plex-Token=xrLVF1svtcRfmTJhSRY5 "HTTP/1.1 200 OK"
2026-01-10 00:29:43,004 - httpx        - INFO     - HTTP Request: GET https://86-213-92-5.97d0f133e54548debf4c139a02778f4c.plex.direct:32400/library/metadata/871/thumb/1765763288?X-Plex-Token=xrLVF1svtcRfmTJhSRY5 "HTTP/1.1 200 OK"
2026-01-10 00:29:43,259 - httpx        - INFO     - HTTP Request: GET https://86-213-92-5.97d0f133e54548debf4c139a02778f4c.plex.direct:32400/library/metadata/21637/thumb/1765763297?X-Plex-Token=xrLVF1svtcRfmTJhSRY5 "HTTP/1.1 200 OK"
2026-01-10 00:29:43,718 - httpx        - INFO     - HTTP Request: GET https://86-213-92-5.97d0f133e54548debf4c139a02778f4c.plex.direct:32400/library/metadata/23021/thumb/1766296066?X-Plex-Token=xrLVF1svtcRfmTJhSRY5 "HTTP/1.1 200 OK"
2026-01-10 00:29:44,357 - httpx        - INFO     - HTTP Request: GET https://86-213-92-5.97d0f133e54548debf4c139a02778f4c.plex.direct:32400/library/metadata/5212/thumb/1765763296?X-Plex-Token=xrLVF1svtcRfmTJhSRY5 "HTTP/1.1 200 OK"
2026-01-10 00:29:44,608 - httpx        - INFO     - HTTP Request: GET https://86-213-92-5.97d0f133e54548debf4c139a02778f4c.plex.direct:32400/library/metadata/1059/thumb/1765867822?X-Plex-Token=xrLVF1svtcRfmTJhSRY5 "HTTP/1.1 200 OK"
2026-01-10 00:29:45,868 - httpx        - INFO     - HTTP Request: GET https://192-168-0-175.73d044407d6741c8a17d97a88c22846e.plex.direct:32400/library/metadata/37673/thumb/1767913523?X-Plex-Token=HIDDEN_TOKEN "HTTP/1.1 200 OK"
2026-01-10 00:29:46,059 - httpx        - INFO     - HTTP Request: GET https://86-213-92-5.97d0f133e54548debf4c139a02778f4c.plex.direct:32400/library/metadata/157/thumb/1765867817?X-Plex-Token=xrLVF1svtcRfmTJhSRY5 "HTTP/1.1 200 OK"
2026-01-10 00:29:46,583 - httpx        - INFO     - HTTP Request: GET https://86-213-92-5.97d0f133e54548debf4c139a02778f4c.plex.direct:32400/library/metadata/409/thumb/1765937637?X-Plex-Token=xrLVF1svtcRfmTJhSRY5 "HTTP/1.1 200 OK"
2026-01-10 00:29:46,936 - httpx        - INFO     - HTTP Request: GET https://192-168-0-175.73d044407d6741c8a17d97a88c22846e.plex.direct:32400/library/metadata/47384/thumb/1767913662?X-Plex-Token=HIDDEN_TOKEN "HTTP/1.1 200 OK"
2026-01-10 00:29:47,204 - httpx        - INFO     - HTTP Request: GET https://192-168-0-175.73d044407d6741c8a17d97a88c22846e.plex.direct:32400/library/metadata/47456/thumb/1767913669?X-Plex-Token=HIDDEN_TOKEN "HTTP/1.1 200 OK"
2026-01-10 00:29:47,694 - httpx        - INFO     - HTTP Request: GET https://86-213-92-5.97d0f133e54548debf4c139a02778f4c.plex.direct:32400/library/metadata/29384/thumb/1766026949?X-Plex-Token=xrLVF1svtcRfmTJhSRY5 "HTTP/1.1 200 OK"
2026-01-10 00:29:49,327 - httpx        - INFO     - HTTP Request: GET https://86-213-92-5.97d0f133e54548debf4c139a02778f4c.plex.direct:32400/library/metadata/11309/thumb/1765937657?X-Plex-Token=xrLVF1svtcRfmTJhSRY5 "HTTP/1.1 200 OK"
2026-01-10 00:29:49,418 - httpx        - INFO     - HTTP Request: GET https://86-213-92-5.97d0f133e54548debf4c139a02778f4c.plex.direct:32400/library/metadata/491/thumb/1765937640?X-Plex-Token=xrLVF1svtcRfmTJhSRY5 "HTTP/1.1 200 OK"
2026-01-10 00:29:49,534 - httpx        - INFO     - HTTP Request: GET https://86-213-92-5.97d0f133e54548debf4c139a02778f4c.plex.direct:32400/library/metadata/23527/thumb/1763348087?X-Plex-Token=xrLVF1svtcRfmTJhSRY5 "HTTP/1.1 200 OK"
2026-01-10 00:29:50,880 - httpx        - INFO     - HTTP Request: GET https://86-213-92-5.97d0f133e54548debf4c139a02778f4c.plex.direct:32400/library/metadata/23679/thumb/1766026942?X-Plex-Token=xrLVF1svtcRfmTJhSRY5 "HTTP/1.1 200 OK"
2026-01-10 00:29:51,166 - httpx        - INFO     - HTTP Request: GET https://86-213-92-5.97d0f133e54548debf4c139a02778f4c.plex.direct:32400/library/metadata/803/thumb/1766026933?X-Plex-Token=xrLVF1svtcRfmTJhSRY5 "HTTP/1.1 200 OK"
2026-01-10 00:29:51,212 - httpx        - INFO     - HTTP Request: GET https://192-168-0-175.73d044407d6741c8a17d97a88c22846e.plex.direct:32400/library/metadata/49893/thumb/1767913804?X-Plex-Token=HIDDEN_TOKEN "HTTP/1.1 200 OK"
2026-01-10 00:29:51,758 - httpx        - INFO     - HTTP Request: GET https://2-11-151-192.2b23851d94584a5ebf492afb83ed81f7.plex.direct:16066/library/metadata/40653/thumb/1740797570?X-Plex-Token=-d9BLzCKG-hrXZbDQuso "HTTP/1.1 200 OK"
2026-01-10 00:29:51,765 - httpx        - INFO     - HTTP Request: GET https://2-11-151-192.2b23851d94584a5ebf492afb83ed81f7.plex.direct:16066/library/metadata/24570/thumb/1740797547?X-Plex-Token=-d9BLzCKG-hrXZbDQuso "HTTP/1.1 200 OK"
2026-01-10 00:29:51,839 - httpx        - INFO     - HTTP Request: GET https://2-11-151-192.2b23851d94584a5ebf492afb83ed81f7.plex.direct:16066/library/metadata/181323/thumb/1754793775?X-Plex-Token=-d9BLzCKG-hrXZbDQuso "HTTP/1.1 200 OK"
2026-01-10 00:29:52,500 - httpx        - INFO     - HTTP Request: GET https://2-11-151-192.2b23851d94584a5ebf492afb83ed81f7.plex.direct:16066/library/metadata/245399/thumb/1766030341?X-Plex-Token=-d9BLzCKG-hrXZbDQuso "HTTP/1.1 200 OK"
2026-01-10 00:29:53,544 - httpx        - INFO     - HTTP Request: GET https://192-168-0-175.73d044407d6741c8a17d97a88c22846e.plex.direct:32400/library/metadata/38265/thumb/1767912659?X-Plex-Token=HIDDEN_TOKEN "HTTP/1.1 200 OK"
2026-01-10 00:29:53,759 - httpx        - INFO     - HTTP Request: GET https://2-11-151-192.2b23851d94584a5ebf492afb83ed81f7.plex.direct:16066/library/metadata/105960/thumb/1746115589?X-Plex-Token=-d9BLzCKG-hrXZbDQuso "HTTP/1.1 200 OK"
2026-01-10 00:29:54,002 - httpx        - INFO     - HTTP Request: GET https://2-11-151-192.2b23851d94584a5ebf492afb83ed81f7.plex.direct:16066/library/metadata/182615/thumb/1757124975?X-Plex-Token=-d9BLzCKG-hrXZbDQuso "HTTP/1.1 200 OK"
2026-01-10 00:29:54,210 - httpx        - INFO     - HTTP Request: GET https://2-11-151-192.2b23851d94584a5ebf492afb83ed81f7.plex.direct:16066/library/metadata/177914/thumb/1754793465?X-Plex-Token=-d9BLzCKG-hrXZbDQuso "HTTP/1.1 200 OK"
2026-01-10 00:29:54,288 - httpx        - INFO     - HTTP Request: GET https://192-168-0-175.73d044407d6741c8a17d97a88c22846e.plex.direct:32400/library/metadata/38639/thumb/1767912695?X-Plex-Token=HIDDEN_TOKEN "HTTP/1.1 200 OK"
2026-01-10 00:29:54,605 - httpx        - INFO     - HTTP Request: GET https://2-11-151-192.2b23851d94584a5ebf492afb83ed81f7.plex.direct:16066/library/metadata/182787/thumb/1755564904?X-Plex-Token=-d9BLzCKG-hrXZbDQuso "HTTP/1.1 200 OK"
2026-01-10 00:29:55,016 - httpx        - INFO     - HTTP Request: GET https://2-11-151-192.2b23851d94584a5ebf492afb83ed81f7.plex.direct:16066/library/metadata/257247/thumb/1767965331?X-Plex-Token=-d9BLzCKG-hrXZbDQuso "HTTP/1.1 200 OK"
2026-01-10 00:29:55,556 - httpx        - INFO     - HTTP Request: GET https://2-11-151-192.2b23851d94584a5ebf492afb83ed81f7.plex.direct:16066/library/metadata/85056/thumb/1744422901?X-Plex-Token=-d9BLzCKG-hrXZbDQuso "HTTP/1.1 200 OK"
2026-01-10 00:29:56,435 - httpx        - INFO     - HTTP Request: GET https://2-11-151-192.2b23851d94584a5ebf492afb83ed81f7.plex.direct:16066/library/metadata/182891/thumb/1755564937?X-Plex-Token=-d9BLzCKG-hrXZbDQuso "HTTP/1.1 200 OK"
2026-01-10 00:29:56,847 - httpx        - INFO     - HTTP Request: GET https://2-11-151-192.2b23851d94584a5ebf492afb83ed81f7.plex.direct:16066/library/metadata/183004/thumb/1757125145?X-Plex-Token=-d9BLzCKG-hrXZbDQuso "HTTP/1.1 200 OK"
2026-01-10 00:29:57,180 - httpx        - INFO     - HTTP Request: GET https://2-11-151-192.2b23851d94584a5ebf492afb83ed81f7.plex.direct:16066/library/metadata/245456/thumb/1754794646?X-Plex-Token=-d9BLzCKG-hrXZbDQuso "HTTP/1.1 200 OK"
2026-01-10 00:29:57,263 - httpx        - INFO     - HTTP Request: GET https://2-11-151-192.2b23851d94584a5ebf492afb83ed81f7.plex.direct:16066/library/metadata/177821/thumb/1754793438?X-Plex-Token=-d9BLzCKG-hrXZbDQuso "HTTP/1.1 200 OK"
2026-01-10 00:29:57,464 - httpx        - INFO     - HTTP Request: GET https://192-168-0-175.73d044407d6741c8a17d97a88c22846e.plex.direct:32400/library/metadata/44907/thumb/1767912908?X-Plex-Token=HIDDEN_TOKEN "HTTP/1.1 200 OK"
2026-01-10 00:29:57,822 - httpx        - INFO     - HTTP Request: GET https://2-11-151-192.2b23851d94584a5ebf492afb83ed81f7.plex.direct:16066/library/metadata/259265/thumb/1758159434?X-Plex-Token=-d9BLzCKG-hrXZbDQuso "HTTP/1.1 200 OK"
2026-01-10 00:29:57,922 - httpx        - INFO     - HTTP Request: GET https://192-168-0-175.73d044407d6741c8a17d97a88c22846e.plex.direct:32400/library/metadata/40597/thumb/1767912925?X-Plex-Token=HIDDEN_TOKEN "HTTP/1.1 200 OK"
2026-01-10 00:29:58,380 - httpx        - INFO     - HTTP Request: GET https://2-11-151-192.2b23851d94584a5ebf492afb83ed81f7.plex.direct:16066/library/metadata/115606/thumb/1747537204?X-Plex-Token=-d9BLzCKG-hrXZbDQuso "HTTP/1.1 200 OK"
2026-01-10 00:29:58,431 - httpx        - INFO     - HTTP Request: GET https://2-11-151-192.2b23851d94584a5ebf492afb83ed81f7.plex.direct:16066/library/metadata/273418/thumb/1761793576?X-Plex-Token=-d9BLzCKG-hrXZbDQuso "HTTP/1.1 200 OK"
2026-01-10 00:29:58,492 - httpx        - INFO     - HTTP Request: GET https://2-11-151-192.2b23851d94584a5ebf492afb83ed81f7.plex.direct:16066/library/metadata/57804/thumb/1742097131?X-Plex-Token=-d9BLzCKG-hrXZbDQuso "HTTP/1.1 200 OK"
2026-01-10 00:29:59,048 - httpx        - INFO     - HTTP Request: GET https://2-11-151-192.2b23851d94584a5ebf492afb83ed81f7.plex.direct:16066/library/metadata/181388/thumb/1754793800?X-Plex-Token=-d9BLzCKG-hrXZbDQuso "HTTP/1.1 200 OK"
2026-01-10 00:29:59,261 - httpx        - INFO     - HTTP Request: GET https://2-11-151-192.2b23851d94584a5ebf492afb83ed81f7.plex.direct:16066/library/metadata/170224/thumb/1754793359?X-Plex-Token=-d9BLzCKG-hrXZbDQuso "HTTP/1.1 200 OK"
2026-01-10 00:29:59,336 - httpx        - INFO     - HTTP Request: GET https://192-168-0-175.73d044407d6741c8a17d97a88c22846e.plex.direct:32400/library/metadata/48480/thumb/1767913073?X-Plex-Token=HIDDEN_TOKEN "HTTP/1.1 200 OK"
2026-01-10 00:29:59,767 - httpx        - INFO     - HTTP Request: GET https://2-11-151-192.2b23851d94584a5ebf492afb83ed81f7.plex.direct:16066/library/metadata/155160/thumb/1754793131?X-Plex-Token=-d9BLzCKG-hrXZbDQuso "HTTP/1.1 200 OK"
2026-01-10 00:29:59,955 - httpx        - INFO     - HTTP Request: GET https://2-11-151-192.2b23851d94584a5ebf492afb83ed81f7.plex.direct:16066/library/metadata/183041/thumb/1757125150?X-Plex-Token=-d9BLzCKG-hrXZbDQuso "HTTP/1.1 200 OK"
2026-01-10 00:30:00,276 - httpx        - INFO     - HTTP Request: GET https://2-11-151-192.2b23851d94584a5ebf492afb83ed81f7.plex.direct:16066/library/metadata/43901/thumb/1747536841?X-Plex-Token=-d9BLzCKG-hrXZbDQuso "HTTP/1.1 200 OK"
2026-01-10 00:30:01,451 - httpx        - INFO     - HTTP Request: GET https://2-11-151-192.2b23851d94584a5ebf492afb83ed81f7.plex.direct:16066/library/metadata/183384/thumb/1766977654?X-Plex-Token=-d9BLzCKG-hrXZbDQuso "HTTP/1.1 200 OK"
2026-01-10 00:30:02,237 - httpx        - INFO     - HTTP Request: GET https://2-11-151-192.2b23851d94584a5ebf492afb83ed81f7.plex.direct:16066/library/metadata/184078/thumb/1757125574?X-Plex-Token=-d9BLzCKG-hrXZbDQuso "HTTP/1.1 200 OK"
2026-01-10 00:30:02,446 - httpx        - INFO     - HTTP Request: GET https://2-11-151-192.2b23851d94584a5ebf492afb83ed81f7.plex.direct:16066/library/metadata/269585/thumb/1760234113?X-Plex-Token=-d9BLzCKG-hrXZbDQuso "HTTP/1.1 200 OK"
2026-01-10 00:30:03,560 - httpx        - INFO     - HTTP Request: GET https://192-168-0-175.73d044407d6741c8a17d97a88c22846e.plex.direct:32400/library/metadata/42582/thumb/1767913129?X-Plex-Token=HIDDEN_TOKEN "HTTP/1.1 200 OK"
2026-01-10 00:30:03,849 - httpx        - INFO     - HTTP Request: GET https://192-168-0-175.73d044407d6741c8a17d97a88c22846e.plex.direct:32400/library/metadata/48253/thumb/1767913161?X-Plex-Token=HIDDEN_TOKEN "HTTP/1.1 200 OK"
2026-01-10 00:30:03,995 - httpx        - INFO     - HTTP Request: GET https://2-11-151-192.2b23851d94584a5ebf492afb83ed81f7.plex.direct:16066/library/metadata/245428/thumb/1766030350?X-Plex-Token=-d9BLzCKG-hrXZbDQuso "HTTP/1.1 200 OK"
2026-01-10 00:30:04,617 - httpx        - INFO     - HTTP Request: GET https://2-11-151-192.2b23851d94584a5ebf492afb83ed81f7.plex.direct:16066/library/metadata/181366/thumb/1754793789?X-Plex-Token=-d9BLzCKG-hrXZbDQuso "HTTP/1.1 200 OK"
2026-01-10 00:30:05,130 - httpx        - INFO     - HTTP Request: GET https://2-11-151-192.2b23851d94584a5ebf492afb83ed81f7.plex.direct:16066/library/metadata/42611/thumb/1740539236?X-Plex-Token=-d9BLzCKG-hrXZbDQuso "HTTP/1.1 200 OK"
2026-01-10 00:30:05,290 - httpx        - INFO     - HTTP Request: GET https://2-11-151-192.2b23851d94584a5ebf492afb83ed81f7.plex.direct:16066/library/metadata/181391/thumb/1754793804?X-Plex-Token=-d9BLzCKG-hrXZbDQuso "HTTP/1.1 200 OK"
2026-01-10 00:30:06,884 - httpx        - INFO     - HTTP Request: GET https://2-11-151-192.2b23851d94584a5ebf492afb83ed81f7.plex.direct:16066/library/metadata/181400/thumb/1754793812?X-Plex-Token=-d9BLzCKG-hrXZbDQuso "HTTP/1.1 200 OK"
2026-01-10 00:30:07,224 - httpx        - INFO     - HTTP Request: GET https://2-11-151-192.2b23851d94584a5ebf492afb83ed81f7.plex.direct:16066/library/metadata/253974/thumb/1756924354?X-Plex-Token=-d9BLzCKG-hrXZbDQuso "HTTP/1.1 200 OK"
2026-01-10 00:30:07,725 - httpx        - INFO     - HTTP Request: GET https://2-11-151-192.2b23851d94584a5ebf492afb83ed81f7.plex.direct:16066/library/metadata/85147/thumb/1747537011?X-Plex-Token=-d9BLzCKG-hrXZbDQuso "HTTP/1.1 200 OK"
2026-01-10 00:30:08,269 - httpx        - INFO     - HTTP Request: GET https://2-11-151-192.2b23851d94584a5ebf492afb83ed81f7.plex.direct:16066/library/metadata/184781/thumb/1757125852?X-Plex-Token=-d9BLzCKG-hrXZbDQuso "HTTP/1.1 200 OK"
2026-01-10 00:30:08,371 - httpx        - INFO     - HTTP Request: GET https://2-11-151-192.2b23851d94584a5ebf492afb83ed81f7.plex.direct:16066/library/metadata/156321/thumb/1752196620?X-Plex-Token=-d9BLzCKG-hrXZbDQuso "HTTP/1.1 200 OK"
2026-01-10 00:30:08,789 - httpx        - INFO     - HTTP Request: GET https://2-11-151-192.2b23851d94584a5ebf492afb83ed81f7.plex.direct:16066/library/metadata/184694/thumb/1754794499?X-Plex-Token=-d9BLzCKG-hrXZbDQuso "HTTP/1.1 200 OK"
2026-01-10 00:30:09,838 - httpx        - INFO     - HTTP Request: GET https://2-11-151-192.2b23851d94584a5ebf492afb83ed81f7.plex.direct:16066/library/metadata/183739/thumb/1754794089?X-Plex-Token=-d9BLzCKG-hrXZbDQuso "HTTP/1.1 200 OK"
2026-01-10 00:30:10,274 - httpx        - INFO     - HTTP Request: GET https://2-11-151-192.2b23851d94584a5ebf492afb83ed81f7.plex.direct:16066/library/metadata/182993/thumb/1757125137?X-Plex-Token=-d9BLzCKG-hrXZbDQuso "HTTP/1.1 200 OK"
2026-01-10 00:30:11,413 - httpx        - INFO     - HTTP Request: GET https://2-11-151-192.2b23851d94584a5ebf492afb83ed81f7.plex.direct:16066/library/metadata/255343/thumb/1757126124?X-Plex-Token=-d9BLzCKG-hrXZbDQuso "HTTP/1.1 200 OK"
2026-01-10 00:30:12,354 - httpx        - INFO     - HTTP Request: GET https://2-11-151-192.2b23851d94584a5ebf492afb83ed81f7.plex.direct:16066/library/metadata/262566/thumb/1758419274?X-Plex-Token=-d9BLzCKG-hrXZbDQuso "HTTP/1.1 200 OK"
2026-01-10 00:30:12,507 - httpx        - INFO     - HTTP Request: GET https://2-11-151-192.2b23851d94584a5ebf492afb83ed81f7.plex.direct:16066/library/metadata/7529/thumb/1738207892?X-Plex-Token=-d9BLzCKG-hrXZbDQuso "HTTP/1.1 200 OK"
2026-01-10 00:30:12,508 - httpx        - INFO     - HTTP Request: GET https://2-11-151-192.2b23851d94584a5ebf492afb83ed81f7.plex.direct:16066/library/metadata/183816/thumb/1754794134?X-Plex-Token=-d9BLzCKG-hrXZbDQuso "HTTP/1.1 200 OK"
2026-01-10 00:30:14,375 - httpx        - INFO     - HTTP Request: GET https://2-11-151-192.2b23851d94584a5ebf492afb83ed81f7.plex.direct:16066/library/metadata/127920/thumb/1757124050?X-Plex-Token=-d9BLzCKG-hrXZbDQuso "HTTP/1.1 200 OK"
2026-01-10 00:30:15,998 - httpx        - INFO     - HTTP Request: GET https://2-11-151-192.2b23851d94584a5ebf492afb83ed81f7.plex.direct:16066/library/metadata/183967/thumb/1754794180?X-Plex-Token=-d9BLzCKG-hrXZbDQuso "HTTP/1.1 200 OK"
2026-01-10 00:30:16,036 - httpx        - INFO     - HTTP Request: GET https://192-168-0-175.73d044407d6741c8a17d97a88c22846e.plex.direct:32400/library/metadata/44976/thumb/1767913398?X-Plex-Token=HIDDEN_TOKEN "HTTP/1.1 200 OK"
2026-01-10 00:30:16,528 - httpx        - INFO     - HTTP Request: GET https://2-11-151-192.2b23851d94584a5ebf492afb83ed81f7.plex.direct:16066/library/metadata/183984/thumb/1754794191?X-Plex-Token=-d9BLzCKG-hrXZbDQuso "HTTP/1.1 200 OK"
2026-01-10 00:30:16,531 - httpx        - INFO     - HTTP Request: GET https://2-11-151-192.2b23851d94584a5ebf492afb83ed81f7.plex.direct:16066/library/metadata/183944/thumb/1754794166?X-Plex-Token=-d9BLzCKG-hrXZbDQuso "HTTP/1.1 200 OK"
2026-01-10 00:30:16,700 - httpx        - INFO     - HTTP Request: GET https://2-11-151-192.2b23851d94584a5ebf492afb83ed81f7.plex.direct:16066/library/metadata/283851/thumb/1765397291?X-Plex-Token=-d9BLzCKG-hrXZbDQuso "HTTP/1.1 200 OK"
2026-01-10 00:30:16,916 - httpx        - INFO     - HTTP Request: GET https://2-11-151-192.2b23851d94584a5ebf492afb83ed81f7.plex.direct:16066/library/metadata/184040/thumb/1754588163?X-Plex-Token=-d9BLzCKG-hrXZbDQuso "HTTP/1.1 200 OK"
2026-01-10 00:30:17,025 - httpx        - INFO     - HTTP Request: GET https://2-11-151-192.2b23851d94584a5ebf492afb83ed81f7.plex.direct:16066/library/metadata/269229/thumb/1760234062?X-Plex-Token=-d9BLzCKG-hrXZbDQuso "HTTP/1.1 200 OK"
2026-01-10 00:30:17,960 - httpx        - INFO     - HTTP Request: GET https://192-168-0-175.73d044407d6741c8a17d97a88c22846e.plex.direct:32400/library/metadata/48674/thumb/1767913459?X-Plex-Token=HIDDEN_TOKEN "HTTP/1.1 200 OK"
2026-01-10 00:30:18,824 - httpx        - INFO     - HTTP Request: GET https://2-11-151-192.2b23851d94584a5ebf492afb83ed81f7.plex.direct:16066/library/metadata/245447/thumb/1766030358?X-Plex-Token=-d9BLzCKG-hrXZbDQuso "HTTP/1.1 200 OK"
2026-01-10 00:30:19,930 - httpx        - INFO     - HTTP Request: GET https://2-11-151-192.2b23851d94584a5ebf492afb83ed81f7.plex.direct:16066/library/metadata/184102/thumb/1757125587?X-Plex-Token=-d9BLzCKG-hrXZbDQuso "HTTP/1.1 200 OK"
2026-01-10 00:30:20,010 - httpx        - INFO     - HTTP Request: GET https://2-11-151-192.2b23851d94584a5ebf492afb83ed81f7.plex.direct:16066/library/metadata/245448/thumb/1766030359?X-Plex-Token=-d9BLzCKG-hrXZbDQuso "HTTP/1.1 200 OK"
2026-01-10 00:30:20,306 - httpx        - INFO     - HTTP Request: GET https://2-11-151-192.2b23851d94584a5ebf492afb83ed81f7.plex.direct:16066/library/metadata/246726/thumb/1754794675?X-Plex-Token=-d9BLzCKG-hrXZbDQuso "HTTP/1.1 200 OK"
2026-01-10 00:30:20,520 - httpx        - INFO     - HTTP Request: GET https://2-11-151-192.2b23851d94584a5ebf492afb83ed81f7.plex.direct:16066/library/metadata/89097/thumb/1744835976?X-Plex-Token=-d9BLzCKG-hrXZbDQuso "HTTP/1.1 200 OK"
2026-01-10 00:30:21,112 - httpx        - INFO     - HTTP Request: GET https://2-11-151-192.2b23851d94584a5ebf492afb83ed81f7.plex.direct:16066/library/metadata/184215/thumb/1754794309?X-Plex-Token=-d9BLzCKG-hrXZbDQuso "HTTP/1.1 200 OK"
2026-01-10 00:30:22,662 - httpx        - INFO     - HTTP Request: GET https://2-11-151-192.2b23851d94584a5ebf492afb83ed81f7.plex.direct:16066/library/metadata/184278/thumb/1754502615?X-Plex-Token=-d9BLzCKG-hrXZbDQuso "HTTP/1.1 200 OK"
2026-01-10 00:30:24,268 - httpx        - INFO     - HTTP Request: GET https://2-11-151-192.2b23851d94584a5ebf492afb83ed81f7.plex.direct:16066/library/metadata/5303/thumb/1752368536?X-Plex-Token=-d9BLzCKG-hrXZbDQuso "HTTP/1.1 200 OK"
2026-01-10 00:30:25,786 - httpx        - INFO     - HTTP Request: GET https://2-11-151-192.2b23851d94584a5ebf492afb83ed81f7.plex.direct:16066/library/metadata/184359/thumb/1754587880?X-Plex-Token=-d9BLzCKG-hrXZbDQuso "HTTP/1.1 200 OK"
2026-01-10 00:30:26,914 - httpx        - INFO     - HTTP Request: GET https://2-11-151-192.2b23851d94584a5ebf492afb83ed81f7.plex.direct:16066/library/metadata/118621/thumb/1747537214?X-Plex-Token=-d9BLzCKG-hrXZbDQuso "HTTP/1.1 200 OK"
2026-01-10 00:30:27,359 - httpx        - INFO     - HTTP Request: GET https://2-11-151-192.2b23851d94584a5ebf492afb83ed81f7.plex.direct:16066/library/metadata/85162/thumb/1747537019?X-Plex-Token=-d9BLzCKG-hrXZbDQuso "HTTP/1.1 200 OK"
2026-01-10 00:30:27,362 - httpx        - INFO     - HTTP Request: GET https://2-11-151-192.2b23851d94584a5ebf492afb83ed81f7.plex.direct:16066/library/metadata/178598/thumb/1754588152?X-Plex-Token=-d9BLzCKG-hrXZbDQuso "HTTP/1.1 200 OK"
2026-01-10 00:30:27,675 - httpx        - INFO     - HTTP Request: GET https://2-11-151-192.2b23851d94584a5ebf492afb83ed81f7.plex.direct:16066/library/metadata/184525/thumb/1754794438?X-Plex-Token=-d9BLzCKG-hrXZbDQuso "HTTP/1.1 200 OK"
2026-01-10 00:30:28,287 - httpx        - INFO     - HTTP Request: GET https://2-11-151-192.2b23851d94584a5ebf492afb83ed81f7.plex.direct:16066/library/metadata/178244/thumb/1754793522?X-Plex-Token=-d9BLzCKG-hrXZbDQuso "HTTP/1.1 200 OK"
2026-01-10 00:30:28,289 - httpx        - INFO     - HTTP Request: GET https://2-11-151-192.2b23851d94584a5ebf492afb83ed81f7.plex.direct:16066/library/metadata/126791/thumb/1748566415?X-Plex-Token=-d9BLzCKG-hrXZbDQuso "HTTP/1.1 200 OK"
2026-01-10 00:30:29,260 - httpx        - INFO     - HTTP Request: GET https://2-11-151-192.2b23851d94584a5ebf492afb83ed81f7.plex.direct:16066/library/metadata/14629/thumb/1738207920?X-Plex-Token=-d9BLzCKG-hrXZbDQuso "HTTP/1.1 200 OK"
2026-01-10 00:30:30,265 - httpx        - INFO     - HTTP Request: GET https://2-11-151-192.2b23851d94584a5ebf492afb83ed81f7.plex.direct:16066/library/metadata/184637/thumb/1757899136?X-Plex-Token=-d9BLzCKG-hrXZbDQuso "HTTP/1.1 200 OK"
2026-01-10 00:30:30,817 - httpx        - INFO     - HTTP Request: GET https://2-11-151-192.2b23851d94584a5ebf492afb83ed81f7.plex.direct:16066/library/metadata/125856/thumb/1749348564?X-Plex-Token=-d9BLzCKG-hrXZbDQuso "HTTP/1.1 200 OK"
2026-01-10 00:30:31,896 - httpx        - INFO     - HTTP Request: GET https://2-11-151-192.2b23851d94584a5ebf492afb83ed81f7.plex.direct:16066/library/metadata/7531/thumb/1741057125?X-Plex-Token=-d9BLzCKG-hrXZbDQuso "HTTP/1.1 200 OK"
2026-01-10 00:30:32,097 - httpx        - INFO     - HTTP Request: GET https://2-11-151-192.2b23851d94584a5ebf492afb83ed81f7.plex.direct:16066/library/metadata/85086/thumb/1767967090?X-Plex-Token=-d9BLzCKG-hrXZbDQuso "HTTP/1.1 200 OK"
2026-01-10 00:30:32,333 - httpx        - INFO     - HTTP Request: GET https://2-11-151-192.2b23851d94584a5ebf492afb83ed81f7.plex.direct:16066/library/metadata/7530/thumb/1741057125?X-Plex-Token=-d9BLzCKG-hrXZbDQuso "HTTP/1.1 200 OK"
2026-01-10 00:30:33,199 - httpx        - INFO     - HTTP Request: GET https://176-140-248-228.aad0f87b9500490bb2f2cec31236ed39.plex.direct:25458/library/metadata/20820/thumb/1767187371?X-Plex-Token=n4GLqxt_jRWzfeD_A8J1 "HTTP/1.1 200 OK"
2026-01-10 00:30:35,112 - httpx        - INFO     - HTTP Request: GET https://176-140-248-228.aad0f87b9500490bb2f2cec31236ed39.plex.direct:25458/library/metadata/20872/thumb/1767187378?X-Plex-Token=n4GLqxt_jRWzfeD_A8J1 "HTTP/1.1 200 OK"
2026-01-10 00:30:35,113 - httpx        - INFO     - HTTP Request: GET https://176-140-248-228.aad0f87b9500490bb2f2cec31236ed39.plex.direct:25458/library/metadata/20929/thumb/1767187391?X-Plex-Token=n4GLqxt_jRWzfeD_A8J1 "HTTP/1.1 200 OK"
2026-01-10 00:30:35,594 - httpx        - INFO     - HTTP Request: GET https://176-140-248-228.aad0f87b9500490bb2f2cec31236ed39.plex.direct:25458/library/metadata/37421/thumb/1767187417?X-Plex-Token=n4GLqxt_jRWzfeD_A8J1 "HTTP/1.1 200 OK"
2026-01-10 00:30:35,640 - httpx        - INFO     - HTTP Request: GET https://176-140-248-228.aad0f87b9500490bb2f2cec31236ed39.plex.direct:25458/library/metadata/20965/thumb/1767187396?X-Plex-Token=n4GLqxt_jRWzfeD_A8J1 "HTTP/1.1 200 OK"
2026-01-10 00:30:35,978 - httpx        - INFO     - HTTP Request: GET https://176-140-248-228.aad0f87b9500490bb2f2cec31236ed39.plex.direct:25458/library/metadata/20948/thumb/1767187395?X-Plex-Token=n4GLqxt_jRWzfeD_A8J1 "HTTP/1.1 200 OK"
2026-01-10 00:30:36,414 - httpx        - INFO     - HTTP Request: GET https://176-140-248-228.aad0f87b9500490bb2f2cec31236ed39.plex.direct:25458/library/metadata/20893/thumb/1767187382?X-Plex-Token=n4GLqxt_jRWzfeD_A8J1 "HTTP/1.1 200 OK"
2026-01-10 00:30:39,969 - httpx        - INFO     - HTTP Request: GET https://176-140-248-228.aad0f87b9500490bb2f2cec31236ed39.plex.direct:25458/library/metadata/20971/thumb/1767187397?X-Plex-Token=n4GLqxt_jRWzfeD_A8J1 "HTTP/1.1 200 OK"
2026-01-10 00:30:40,067 - httpx        - INFO     - HTTP Request: GET https://82-67-58-20.6a9670ab322c4c97b36d3f5396ddec38.plex.direct:32400/library/metadata/7204/thumb/1766373960?X-Plex-Token=k2JQQ86PVsdcwHeYbjyD "HTTP/1.1 200 OK"
2026-01-10 00:30:40,139 - httpx        - INFO     - HTTP Request: GET https://109-129-83-30.21cbce6491584549b7988e7560fd61e6.plex.direct:32400/library/metadata/5842/thumb/1765598326?X-Plex-Token=fHG5kjfZC4m3bhY_xCdX "HTTP/1.1 200 OK"
2026-01-10 00:30:40,141 - httpx        - INFO     - HTTP Request: GET https://82-65-62-161.efc330fd2914405fa33e577675184ca4.plex.direct:32400/library/metadata/24902/thumb/1767589102?X-Plex-Token=sMxN95fGHy-RWvjy_BC8 "HTTP/1.1 200 OK"
2026-01-10 00:30:40,189 - httpx        - INFO     - HTTP Request: GET https://82-65-62-161.efc330fd2914405fa33e577675184ca4.plex.direct:32400/library/metadata/81148/thumb/1765942078?X-Plex-Token=sMxN95fGHy-RWvjy_BC8 "HTTP/1.1 200 OK"
2026-01-10 00:30:40,425 - httpx        - INFO     - HTTP Request: GET https://82-65-62-161.efc330fd2914405fa33e577675184ca4.plex.direct:32400/library/metadata/53533/thumb/1755798541?X-Plex-Token=sMxN95fGHy-RWvjy_BC8 "HTTP/1.1 200 OK"
2026-01-10 00:30:40,473 - httpx        - INFO     - HTTP Request: GET https://174-95-249-134.1d805c6ae032481aaf5b13c624d07797.plex.direct:27764/library/metadata/2510/thumb/1767428295?X-Plex-Token=cjnUHPyE5oSUNdpmvW8s "HTTP/1.1 200 OK"
2026-01-10 00:30:40,996 - httpx        - INFO     - HTTP Request: GET https://192-168-0-175.73d044407d6741c8a17d97a88c22846e.plex.direct:32400/library/metadata/39707/thumb/1767912809?X-Plex-Token=HIDDEN_TOKEN "HTTP/1.1 200 OK"
2026-01-10 00:30:41,571 - httpx        - INFO     - HTTP Request: GET https://82-65-62-161.efc330fd2914405fa33e577675184ca4.plex.direct:32400/library/metadata/16754/thumb/1767589101?X-Plex-Token=sMxN95fGHy-RWvjy_BC8 "HTTP/1.1 200 OK"
2026-01-10 00:30:42,068 - httpx        - INFO     - HTTP Request: GET https://82-65-62-161.efc330fd2914405fa33e577675184ca4.plex.direct:32400/library/metadata/107533/thumb/1766374757?X-Plex-Token=sMxN95fGHy-RWvjy_BC8 "HTTP/1.1 200 OK"
2026-01-10 00:30:42,070 - httpx        - INFO     - HTTP Request: GET https://82-65-62-161.efc330fd2914405fa33e577675184ca4.plex.direct:32400/library/metadata/29226/thumb/1755798555?X-Plex-Token=sMxN95fGHy-RWvjy_BC8 "HTTP/1.1 200 OK"
2026-01-10 00:30:42,127 - httpx        - INFO     - HTTP Request: GET https://192-168-0-175.73d044407d6741c8a17d97a88c22846e.plex.direct:32400/library/metadata/48726/thumb/1767913085?X-Plex-Token=HIDDEN_TOKEN "HTTP/1.1 200 OK"
2026-01-10 00:30:42,445 - httpx        - INFO     - HTTP Request: GET https://82-65-62-161.efc330fd2914405fa33e577675184ca4.plex.direct:32400/library/metadata/22599/thumb/1767589102?X-Plex-Token=sMxN95fGHy-RWvjy_BC8 "HTTP/1.1 200 OK"
2026-01-10 00:30:42,447 - httpx        - INFO     - HTTP Request: GET https://82-65-62-161.efc330fd2914405fa33e577675184ca4.plex.direct:32400/library/metadata/22593/thumb/1766375181?X-Plex-Token=sMxN95fGHy-RWvjy_BC8 "HTTP/1.1 200 OK"
2026-01-10 00:30:42,448 - httpx        - INFO     - HTTP Request: GET https://82-65-62-161.efc330fd2914405fa33e577675184ca4.plex.direct:32400/library/metadata/103558/thumb/1766375196?X-Plex-Token=sMxN95fGHy-RWvjy_BC8 "HTTP/1.1 200 OK"
2026-01-10 00:30:42,790 - httpx        - INFO     - HTTP Request: GET https://82-65-62-161.efc330fd2914405fa33e577675184ca4.plex.direct:32400/library/metadata/22580/thumb/1766375483?X-Plex-Token=sMxN95fGHy-RWvjy_BC8 "HTTP/1.1 200 OK"
2026-01-10 00:30:43,176 - httpx        - INFO     - HTTP Request: GET https://82-65-62-161.efc330fd2914405fa33e577675184ca4.plex.direct:32400/library/metadata/84842/thumb/1766375495?X-Plex-Token=sMxN95fGHy-RWvjy_BC8 "HTTP/1.1 200 OK"
